Study_Hours_per_Week,Attendance (%),Midterm_Score,Assignments_Avg,Quizzes_Avg,Final_Score
14.4,69.68,66.74,74.98,91.0,72.96
28.8,73.67,68.61,87.34,64.47,75.53
23.3,92.73,57.56,78.13,72.02,67.13
20.0,67.0,82.44,54.17,86.41,76.92
8.9,93.48,71.27,59.28,77.66,68.9
8.9,54.41,94.61,60.97,90.59,81.27
6.5,88.84,43.88,62.89,100.0,57.46
26.7,92.38,86.64,78.27,60.53,83.03
20.0,59.09,91.78,75.2,89.99,86.05
22.7,71.52,92.38,60.16,65.13,83.47
5.5,58.27,94.81,53.38,73.92,78.25
29.2,85.33,92.5,58.57,55.15,82.51
25.8,76.77,100.0,99.22,62.75,94.05
10.3,81.77,63.05,73.43,70.4,66.4
9.5,59.82,73.04,93.37,72.7,76.0
9.6,60.59,43.72,92.44,100.0,64.88
12.6,52.07,44.2,75.58,91.62,59.62
18.1,66.1,59.84,85.33,100.0,72.35
15.8,77.99,50.79,59.64,83.53,59.2
12.3,92.9,59.3,84.42,67.16,71.79
20.3,83.35,56.71,63.62,70.2,62.81
8.5,71.77,44.26,91.6,71.49,57.26
12.3,97.66,98.25,54.19,69.57,85.16
14.2,85.96,44.75,88.66,88.97,63.3
16.4,96.51,89.08,55.0,79.84,80.0
24.6,76.38,56.51,94.06,74.91,69.68
10.0,62.95,97.73,65.21,61.36,86.14
17.9,52.64,98.94,82.72,56.07,87.66
19.8,86.3,85.17,74.38,65.4,81.83
6.2,56.07,82.19,68.32,59.47,74.11
20.2,65.14,46.38,82.27,94.21,64.36
9.3,76.62,100.0,97.38,61.46,93.12
6.6,78.22,94.65,52.06,89.33,81.06
28.7,80.03,100.0,95.94,75.04,92.42
29.1,58.31,88.28,80.45,58.5,84.91
25.2,68.99,68.25,90.37,96.06,79.23
12.6,80.86,97.4,69.19,83.13,86.96
7.4,98.49,59.71,73.59,66.21,66.43
22.1,86.38,80.39,93.44,100.0,85.31
16.0,96.13,50.78,70.74,56.5,60.61
8.1,88.11,97.75,76.73,64.69,85.73
17.4,79.59,53.67,51.01,90.66,60.4
5.9,59.6,55.26,57.93,88.95,62.9
27.7,83.33,81.8,82.08,69.38,79.49
11.5,81.17,89.3,85.85,58.25,87.22
21.6,80.12,83.64,79.13,97.65,86.02
12.8,74.49,57.77,57.17,69.11,58.25
18.0,76.43,45.46,72.27,64.13,57.92
18.7,66.72,91.04,67.75,79.86,82.87
9.6,75.97,100.0,74.78,100.0,91.04
29.2,59.88,97.35,93.52,57.79,88.8
24.4,90.26,74.93,88.79,93.62,82.13
28.5,59.29,100.0,54.2,81.87,86.7
27.4,54.25,72.81,94.52,76.94,77.86
19.9,71.81,77.47,73.59,91.62,77.1
28.0,82.92,77.03,87.19,100.0,85.59
7.2,71.89,69.02,57.0,64.88,62.85
9.9,63.84,89.48,83.54,62.19,82.76
6.1,77.91,73.44,61.82,99.35,74.54
13.1,67.35,62.93,71.92,87.77,68.49
14.7,96.64,59.9,50.84,74.95,63.48
11.8,96.13,45.8,57.58,82.11,59.57
25.7,75.12,82.7,54.6,90.56,77.58
13.9,66.39,57.97,61.99,92.37,63.8
12.0,86.86,52.49,55.0,99.29,61.02
18.6,51.84,84.81,84.6,76.42,84.25
8.5,73.74,83.42,51.45,67.76,75.66
25.1,66.82,92.66,80.89,86.83,85.8
6.9,96.03,72.28,57.04,74.21,71.62
29.7,50.6,100.0,97.26,85.57,96.96
24.3,77.64,100.0,96.65,76.8,97.51
10.0,87.03,91.44,61.28,61.33,80.27
5.1,74.25,79.67,80.72,78.31,77.36
25.4,54.27,65.84,51.4,87.63,70.17
22.7,98.62,100.0,96.59,95.76,98.55
23.2,75.9,63.41,76.15,79.24,75.34
24.3,80.71,59.45,52.16,61.39,64.7
6.9,61.83,68.6,67.12,74.76,68.6
14.0,74.17,47.61,53.84,92.54,56.01
7.9,71.46,100.0,69.65,74.82,85.06
26.6,53.74,83.29,83.5,89.84,81.25
20.6,55.31,79.6,73.49,79.77,77.6
13.3,91.87,83.34,69.19,66.21,79.77
6.6,61.99,71.8,55.96,93.17,69.79
12.8,59.75,45.76,62.25,57.94,56.22
13.1,75.25,80.67,55.01,79.54,75.2
23.2,88.44,89.93,90.37,65.86,86.38
20.9,53.1,71.27,56.76,56.76,68.01
27.2,78.84,93.6,79.77,79.94,89.72
16.8,55.96,58.66,67.14,79.01,65.17
8.0,51.82,55.68,61.3,89.03,61.87
22.8,52.64,56.53,81.97,92.16,67.47
24.0,91.71,69.52,72.85,90.76,75.0
19.0,55.9,96.52,70.01,74.68,89.8
24.3,52.26,96.96,79.64,86.36,91.95
17.3,71.89,68.16,74.56,83.32,69.88
18.1,92.2,80.78,65.17,74.99,73.25
15.7,63.12,87.96,77.95,84.54,83.47
5.6,71.09,56.15,83.47,100.0,69.35
7.7,52.0,52.4,51.33,62.72,54.1
5.8,72.45,100.0,73.29,99.69,91.09
20.9,78.88,83.32,52.88,55.84,74.65
12.9,78.55,100.0,59.32,68.98,84.39
17.7,66.62,65.58,78.03,69.09,71.66
27.7,65.78,90.49,93.31,86.92,89.06
11.2,55.33,56.72,94.14,62.21,65.75
15.3,68.34,60.26,53.5,97.33,66.62
23.9,54.97,77.88,70.96,95.69,78.79
10.7,88.33,62.39,79.15,87.35,74.0
6.9,98.31,52.13,57.35,76.36,60.67
12.2,98.5,59.43,88.27,100.0,73.82
9.0,93.25,44.84,87.21,96.77,63.45
28.2,80.04,90.73,95.17,80.68,92.2
25.2,85.04,77.09,50.42,88.12,74.58
20.8,64.26,51.89,60.83,82.0,61.97
26.8,81.54,58.34,91.36,84.88,71.11
25.1,72.78,53.68,83.53,71.56,68.68
9.7,74.1,79.67,94.72,78.78,81.5
27.3,87.89,53.84,52.86,57.08,64.11
18.5,64.1,90.81,79.85,72.66,88.94
25.2,65.9,48.79,78.45,89.5,66.22
27.4,96.23,63.18,51.78,100.0,70.27
13.0,52.81,97.34,75.68,100.0,86.88
7.8,74.28,85.45,80.48,82.62,83.09
10.7,95.64,47.59,59.56,83.9,59.11
15.7,80.52,93.98,63.67,63.11,83.26
25.5,77.32,77.23,82.02,89.69,84.45
26.5,62.49,98.76,73.42,57.94,85.66
5.2,67.16,77.6,92.9,69.8,75.75
17.8,92.6,86.25,67.12,87.45,81.82
15.4,77.96,100.0,63.33,69.32,87.44
10.6,75.74,57.12,99.24,58.44,68.88
8.0,54.98,79.84,95.56,97.32,80.41
13.4,50.8,71.64,51.45,68.61,68.32
28.6,98.18,50.95,88.54,58.47,64.29
13.1,68.85,44.8,55.52,57.07,51.29
18.0,80.16,52.55,51.37,65.67,58.22
22.6,53.99,85.73,63.68,62.72,76.82
14.1,84.16,78.26,63.47,92.53,78.51
29.3,96.63,82.0,90.97,71.54,85.55
29.1,78.78,50.64,85.53,95.36,72.28
11.3,56.31,71.55,99.08,64.63,75.0
17.4,79.09,100.0,85.58,79.77,91.46
12.5,88.32,67.61,70.91,88.65,74.35
12.1,70.32,81.13,84.95,87.7,80.89
5.9,93.99,88.56,99.97,86.06,90.48
20.2,82.43,93.1,85.51,100.0,91.78
17.6,94.96,76.44,88.08,66.71,74.51
6.3,81.18,93.37,96.92,80.51,90.8
12.0,56.56,67.08,55.68,97.54,70.09
27.7,65.48,100.0,85.24,59.0,92.36
11.0,60.09,57.71,92.54,58.34,62.69
8.6,95.44,59.39,97.72,67.53,68.99
17.2,88.02,48.35,60.55,85.28,59.15
29.6,83.82,96.61,75.2,67.5,87.29
11.1,65.05,68.35,84.03,64.55,74.45
21.8,59.2,60.29,62.37,76.68,65.58
24.0,87.82,61.11,80.02,85.48,71.9
10.9,73.71,97.35,62.88,66.2,84.15
23.2,61.29,96.99,66.67,69.03,86.59
14.2,80.83,77.47,72.08,85.0,70.92
20.8,52.02,83.21,76.46,100.0,81.35
20.8,66.31,74.7,72.47,88.09,73.95
18.4,73.43,69.02,74.66,93.63,75.21
7.3,57.4,97.12,64.93,72.24,82.19
25.9,99.23,55.31,57.95,67.09,63.51
13.0,60.45,69.01,52.37,75.85,62.92
9.7,56.52,63.58,59.8,93.95,65.95
6.0,60.18,71.69,79.1,77.56,74.42
19.8,88.45,73.4,89.31,97.7,83.56
21.9,71.28,77.7,58.46,100.0,78.51
5.4,78.27,50.02,55.43,56.93,52.2
17.8,51.05,76.13,87.46,57.52,78.16
10.7,51.72,57.76,65.26,61.4,62.32
21.1,72.29,57.39,97.57,75.07,70.87
9.4,90.83,46.71,85.72,61.69,56.69
22.3,94.26,92.45,66.34,97.51,89.12
14.7,54.34,70.06,64.48,55.03,66.39
28.4,76.92,86.12,76.18,70.36,83.9
8.4,95.66,86.18,53.96,62.47,75.69
13.5,69.4,84.81,55.88,99.93,81.82
7.8,91.48,70.57,58.79,87.0,70.26
28.1,56.68,71.7,88.74,100.0,80.19
26.9,96.77,70.63,75.69,100.0,81.6
11.4,87.57,81.82,50.53,77.88,73.15
21.5,97.07,76.14,83.68,66.74,80.18
25.4,83.83,98.57,71.18,63.96,87.67
18.9,68.17,98.15,75.54,65.68,85.18
18.2,96.91,55.69,60.71,89.07,65.15
11.0,63.78,51.47,77.59,56.68,61.33
7.3,66.61,80.01,98.96,58.51,81.59
27.4,85.04,66.29,53.67,83.63,72.69
27.5,88.27,49.36,64.2,85.95,62.78
20.8,96.47,99.56,62.15,86.99,87.2
13.5,60.24,57.66,62.43,72.34,61.78
13.7,89.9,99.87,68.94,94.44,87.61
23.1,86.93,89.98,90.91,82.13,88.52
27.4,53.19,93.98,95.64,61.01,88.37
27.2,69.36,60.25,60.11,93.46,69.66
24.5,64.14,61.4,77.15,100.0,68.08
21.1,65.22,77.61,81.84,57.91,75.35
7.1,99.15,52.46,76.09,74.14,61.63
9.0,82.14,61.03,71.7,78.68,69.02
27.5,85.88,67.54,59.6,60.9,67.29
20.2,98.83,55.64,74.41,97.85,69.54
5.2,68.86,53.87,70.06,68.41,60.11
7.5,90.09,89.56,89.78,94.54,89.22
21.6,71.73,56.51,88.18,88.84,71.46
5.1,93.48,43.24,56.7,83.3,54.96
9.0,59.03,80.46,54.43,62.88,70.14
18.7,97.38,100.0,95.41,66.76,89.73
22.3,60.94,66.56,76.78,56.98,70.24
21.3,66.31,53.51,92.89,67.61,68.09
10.6,87.81,77.4,52.91,70.44,68.62
22.8,69.69,100.0,76.33,96.24,89.88
10.9,80.41,90.31,76.97,72.94,83.55
13.1,72.23,81.28,93.04,93.31,84.18
23.7,87.12,66.01,54.88,75.26,66.73
21.2,61.42,78.87,62.02,92.96,76.11
26.2,52.92,53.33,70.33,100.0,62.96
21.4,65.0,87.16,93.29,67.59,87.67
19.2,73.72,89.27,96.94,98.94,87.84
7.3,58.4,100.0,99.64,87.07,93.57
14.2,67.74,59.88,97.96,96.74,73.37
11.6,70.0,44.59,50.3,85.6,56.99
11.1,52.87,76.07,52.39,74.34,68.28
29.3,79.17,91.2,57.38,64.84,82.13
14.8,94.22,91.86,67.44,57.55,78.51
27.3,57.59,59.81,91.5,82.27,68.79
20.8,79.89,61.95,94.63,100.0,77.01
24.9,83.24,78.23,59.34,90.46,74.29
17.6,70.97,65.12,80.98,71.23,70.54
19.4,85.05,97.45,95.87,97.11,96.64
17.3,70.54,73.62,73.19,92.84,77.63
9.9,75.23,90.94,55.18,67.39,77.0
23.1,50.37,81.77,72.89,55.09,73.66
12.0,84.59,89.99,68.79,60.04,81.28
5.6,83.07,61.64,78.88,98.6,72.6
21.1,51.92,96.21,71.93,96.15,87.02
9.4,68.41,59.29,50.87,67.81,58.69
28.5,98.95,81.32,99.7,70.24,85.17
28.8,71.04,61.48,77.18,94.27,73.73
27.9,75.1,76.9,73.68,100.0,83.15
14.3,95.5,63.38,97.73,94.82,73.94
5.4,85.86,57.62,57.79,83.75,59.59
28.2,79.1,100.0,59.46,65.7,91.38
15.7,89.89,54.31,90.4,81.71,68.27
29.2,93.22,96.0,63.04,65.46,86.78
29.1,72.84,100.0,89.96,95.8,94.68
26.3,73.76,49.08,63.58,73.16,61.78
12.4,69.3,85.66,51.66,94.78,79.64
14.6,98.34,59.55,75.85,73.63,68.48
26.3,84.86,50.32,59.83,94.8,66.85
12.9,54.16,68.04,87.89,71.94,71.79
9.2,93.15,98.87,82.06,76.93,88.81
18.9,74.03,46.38,96.18,86.54,66.3
28.4,53.44,83.79,89.15,58.86,83.14
22.4,77.49,76.8,59.04,100.0,77.58
19.3,70.86,98.19,90.01,84.08,89.6
7.4,93.89,47.26,82.09,80.32,62.43
20.4,60.2,87.01,83.45,96.98,85.19
29.8,91.32,89.75,91.61,98.79,90.96
8.5,77.88,82.69,78.69,80.83,79.73
18.0,52.73,100.0,73.3,100.0,88.67
26.9,98.59,97.46,81.83,58.15,87.64
23.5,75.63,49.57,64.9,59.55,54.65
22.4,64.54,74.98,59.13,83.39,77.13
22.6,73.47,70.66,80.83,72.55,76.03
14.0,92.89,62.81,61.69,76.91,66.73
12.3,65.25,70.77,54.0,69.64,66.23
25.2,59.63,70.61,50.03,73.24,63.6
25.3,56.45,73.53,80.42,95.96,77.32
26.7,64.89,100.0,68.11,83.76,91.07
27.8,89.0,53.66,87.62,100.0,73.46
17.8,73.58,100.0,68.76,93.47,90.95
17.5,61.37,74.06,74.3,68.14,73.99
25.0,58.31,84.92,70.35,67.44,82.24
21.2,66.64,96.17,82.53,71.74,87.7
22.5,97.0,68.38,67.81,96.23,76.82
24.9,67.15,73.3,98.19,57.25,77.51
27.3,99.41,72.76,96.81,67.32,78.89
13.4,74.26,66.5,92.4,100.0,74.51
14.4,58.96,99.85,96.02,87.75,91.1
7.3,94.56,91.93,72.46,65.69,83.52
19.5,73.02,52.39,76.82,65.57,61.79
5.9,85.48,48.26,87.1,98.36,62.73
16.6,99.19,70.65,84.81,99.78,80.06
18.6,52.51,51.5,94.53,68.48,66.0
12.2,54.83,80.81,85.82,76.18,80.98
19.8,86.02,54.56,99.89,97.72,73.76
5.8,64.09,73.08,67.43,92.6,71.17
5.9,59.22,42.2,91.65,96.2,61.09
25.6,51.97,66.68,84.88,81.01,74.38
14.0,51.09,84.83,84.57,100.0,82.06
8.2,88.72,71.5,66.29,70.28,68.53
18.1,56.72,100.0,89.28,63.19,88.52
24.2,73.39,99.71,95.02,91.14,99.28
10.4,80.29,64.66,60.93,80.63,66.27
20.6,71.42,48.91,81.27,97.61,68.02
7.1,51.36,92.87,69.61,58.24,78.7
6.3,89.18,96.56,99.48,98.15,94.68
18.3,50.53,94.73,73.94,69.1,86.12
18.5,88.09,53.23,61.42,86.43,65.14
20.9,94.67,100.0,69.09,56.16,87.98
23.2,71.64,62.48,82.69,85.44,74.96
29.4,76.78,92.27,53.8,89.09,85.11
17.9,73.85,99.85,80.18,73.25,92.93
13.1,69.46,58.07,96.56,66.56,65.84
24.9,94.37,100.0,92.52,82.43,95.89
11.8,94.7,62.11,53.38,94.86,67.13
16.0,66.79,100.0,99.67,72.16,91.07
7.0,80.75,58.98,84.94,67.72,67.76
5.6,96.35,98.89,58.11,67.44,80.44
29.1,98.1,51.94,50.62,100.0,63.07
25.9,75.45,90.33,58.56,71.47,78.01
22.4,72.64,78.65,91.91,55.69,82.43
15.2,63.93,73.23,51.08,92.14,70.63
9.3,97.94,56.2,61.66,88.66,68.13
8.9,57.14,85.01,87.87,61.7,81.31
11.3,78.99,54.84,79.31,100.0,68.33
18.7,64.13,78.78,89.14,85.75,80.17
22.9,63.95,62.06,87.31,80.28,70.16
21.5,70.25,100.0,52.53,72.26,85.83
12.0,99.94,45.32,94.63,100.0,66.24
28.9,52.75,60.65,61.35,65.88,62.88
23.4,78.93,61.56,77.67,68.95,66.68
18.9,54.13,70.51,82.21,61.05,70.7
20.3,57.73,60.05,58.43,91.47,69.38
15.5,71.98,74.13,98.81,85.71,84.56
11.2,75.52,95.71,74.41,84.91,86.97
13.9,62.94,86.89,52.88,64.09,75.72
23.9,65.82,81.97,96.86,88.37,85.06
5.4,54.35,46.96,79.31,93.03,58.74
7.9,65.16,84.01,84.96,72.99,82.66
6.2,98.33,51.84,76.26,94.65,68.19
6.0,97.24,88.98,91.74,72.94,83.42
26.4,66.74,62.92,51.66,91.01,67.43
22.6,78.54,71.8,63.42,55.5,69.81
16.9,95.48,66.1,73.48,81.97,71.33
7.4,50.31,93.75,53.83,100.0,83.69
17.3,90.53,52.78,85.3,100.0,66.61
16.8,97.42,78.98,69.68,68.27,77.74
9.3,54.57,51.31,63.63,75.89,60.0
15.8,58.07,87.03,50.17,56.16,74.0
15.0,98.04,98.8,85.99,98.83,95.23
20.4,76.88,72.2,91.69,83.93,79.16
20.9,50.71,75.56,69.75,73.45,76.59
6.1,62.88,97.48,78.21,60.33,81.38
14.4,72.5,75.58,61.38,100.0,74.72
20.6,84.65,75.44,81.11,81.38,78.54
17.6,86.66,79.98,50.61,67.19,68.3
26.4,99.77,89.27,74.43,71.98,83.38
21.5,64.38,52.86,82.21,68.46,63.22
9.1,76.91,92.0,95.91,85.84,90.31
6.8,76.67,68.17,69.07,100.0,70.45
21.1,70.28,50.67,88.26,98.13,66.56
5.7,58.46,88.88,79.88,77.81,83.09
19.6,98.87,68.5,96.35,97.1,76.99
28.5,92.67,54.57,69.92,75.36,62.57
19.4,74.92,83.85,65.95,66.58,77.37
14.7,80.16,97.22,94.36,100.0,90.93
21.1,61.36,99.6,52.46,68.34,81.13
16.5,77.19,100.0,56.82,69.6,85.91
18.6,84.75,97.64,54.12,100.0,88.62
28.5,75.76,48.68,92.16,62.23,66.92
14.7,99.51,67.22,50.53,91.06,71.14
29.0,80.57,97.81,93.08,100.0,98.48
27.6,68.55,70.26,72.56,79.94,70.65
9.9,88.61,79.06,50.2,53.14,70.84
6.7,58.52,78.39,70.08,72.95,72.75
7.5,69.23,64.15,59.34,59.14,61.8
5.5,67.35,95.92,81.22,75.68,86.75
7.4,71.59,72.41,83.97,94.54,72.97
22.1,89.09,74.52,74.38,76.4,73.53
6.8,74.21,100.0,52.03,74.72,83.87
13.0,89.7,73.51,82.81,82.81,77.95
26.1,78.82,58.53,92.1,84.61,73.05
5.6,67.1,72.46,86.02,97.97,74.84
25.4,90.5,96.46,91.5,70.91,93.23
12.0,61.91,90.21,60.03,94.68,82.76
8.0,61.22,89.71,94.44,83.97,86.14
22.4,75.23,89.2,66.11,69.0,79.52
20.7,63.04,61.46,50.67,67.8,62.22
26.9,50.45,99.8,92.17,73.59,94.15
23.4,82.41,100.0,97.09,86.96,98.31
25.1,75.55,59.18,82.78,66.51,68.5
12.1,72.28,51.46,61.57,99.71,61.63
9.4,98.35,100.0,62.59,82.51,86.71
23.8,78.56,99.24,73.33,100.0,92.67
25.2,93.17,100.0,94.89,58.01,92.0
29.8,56.97,100.0,57.48,70.58,81.07
15.3,78.46,77.09,91.3,56.62,79.93
14.3,93.4,83.07,64.57,67.48,80.74
24.4,79.16,80.04,90.43,98.53,84.02
13.5,85.9,47.12,96.01,57.59,60.73
28.3,68.6,93.22,71.37,76.09,86.1
26.5,54.62,78.27,68.25,59.98,74.81
15.7,72.9,83.57,90.11,76.25,84.72
23.8,69.72,77.3,76.47,96.53,80.4
23.9,93.35,76.68,84.22,86.2,79.9
7.6,62.2,52.59,81.14,91.71,61.95
27.6,98.34,65.0,57.64,70.92,70.87
17.6,97.91,54.81,92.24,100.0,72.96
25.7,62.38,59.45,59.79,89.05,68.76
13.0,67.4,100.0,96.61,76.89,90.44
27.4,94.78,57.41,62.53,75.07,69.84
14.7,98.33,60.57,86.69,100.0,70.12
5.3,72.17,77.03,64.23,82.67,74.6
27.6,66.05,84.89,65.89,89.27,78.47
7.3,76.3,51.43,65.5,74.78,58.05
13.0,84.39,91.52,87.39,66.42,88.47
28.8,63.67,95.75,77.84,90.85,91.95
28.8,86.82,62.88,94.15,86.04,75.45
19.3,52.58,63.11,65.37,78.99,66.25
20.8,52.46,100.0,84.6,86.28,91.82
16.2,69.31,94.4,87.65,65.67,87.93
12.3,67.67,85.56,57.57,93.15,81.0
13.2,65.78,48.89,70.03,100.0,61.44
21.8,74.55,71.64,74.14,99.01,73.95
23.8,66.04,80.7,67.78,70.14,77.77
24.8,59.61,58.68,66.11,74.27,64.88
24.7,65.47,74.3,84.32,95.48,77.64
7.3,98.75,78.25,60.79,83.41,75.37
17.4,70.56,64.86,85.47,82.53,72.44
6.4,72.24,88.78,96.75,100.0,88.4
18.7,78.83,96.04,78.26,81.5,86.89
16.0,99.17,64.22,80.57,80.58,73.24
27.2,62.08,98.48,53.45,55.31,80.58
13.8,84.06,50.35,93.22,59.06,62.5
7.9,85.8,92.63,64.27,54.23,79.14
8.6,80.37,51.75,80.75,100.0,68.97
24.0,54.43,52.18,98.96,76.36,69.91
20.5,83.84,84.66,79.78,78.22,84.96
7.5,53.2,70.57,86.24,97.44,77.84
7.1,79.81,96.6,72.27,84.8,92.85
22.5,86.98,68.54,53.02,83.66,70.34
6.8,60.55,59.27,89.88,70.22,69.81
25.5,92.08,77.69,51.75,94.8,78.71
22.7,51.52,74.17,85.03,63.39,77.63
7.0,92.19,62.77,51.15,55.73,64.73
7.1,73.02,83.75,93.12,65.17,80.1
29.7,60.88,94.48,57.88,66.86,82.43
14.4,56.69,95.5,75.71,68.66,85.33
14.3,97.67,100.0,79.86,88.32,91.42
25.3,53.63,63.59,72.88,65.26,69.12
28.7,59.95,91.58,67.04,87.85,88.52
29.7,67.39,72.57,73.39,58.96,73.19
23.8,81.01,87.76,65.57,61.29,79.94
14.4,77.24,72.88,71.91,79.75,74.32
7.1,56.28,100.0,67.95,100.0,87.3
24.4,64.49,91.05,78.31,97.68,84.42
19.0,61.94,100.0,61.9,100.0,87.75
15.6,60.68,94.78,99.43,88.49,92.68
27.7,70.56,100.0,75.04,88.29,94.65
7.8,85.2,91.21,59.71,84.83,79.03
17.3,60.87,72.74,73.85,85.57,72.54
5.3,68.33,56.7,93.32,62.96,65.8
16.7,69.55,67.23,51.09,80.26,63.22
6.4,98.82,43.13,83.98,74.34,58.58
8.0,97.73,73.84,77.4,76.77,71.78
7.9,90.01,72.67,58.48,79.69,73.29
21.2,62.08,77.88,90.87,61.87,77.47
23.7,53.4,100.0,68.44,72.08,90.64
19.6,65.85,100.0,64.69,57.05,87.14
29.1,63.34,58.43,91.41,100.0,72.9
14.4,75.3,66.45,81.93,60.85,68.38
12.1,88.89,69.07,94.91,68.62,74.93
26.7,92.92,69.64,81.49,99.45,78.78
10.6,92.24,91.09,87.04,79.36,87.21
29.1,67.98,80.17,91.82,62.29,80.51
5.3,84.36,75.92,52.74,72.37,71.29
29.2,65.64,99.94,88.8,61.12,92.22
6.1,53.05,90.19,80.69,64.85,80.24
27.3,85.08,56.12,53.48,55.81,60.16
18.2,50.49,88.29,75.43,76.44,81.7
29.8,70.46,75.07,54.12,93.58,74.03
6.8,66.47,59.72,86.8,84.51,68.69
18.8,84.67,48.64,77.33,84.96,63.88
29.2,88.31,77.99,97.68,65.89,83.68
18.1,65.2,66.76,59.16,70.74,70.73
20.7,90.58,61.3,80.3,97.08,72.67
22.4,64.7,88.4,60.58,58.02,80.49
16.4,72.32,91.09,80.7,97.74,87.88
20.7,86.35,60.9,86.13,79.35,71.31
19.6,84.65,48.85,86.12,97.03,66.72
27.5,99.37,99.18,90.75,71.34,93.82
6.1,61.26,42.43,92.68,72.5,59.38
12.0,83.12,99.83,53.86,90.81,84.14
28.8,80.48,86.3,67.16,93.28,81.55
27.3,95.75,67.5,84.36,66.54,76.32
16.4,57.82,59.71,74.93,100.0,70.89
20.5,87.59,46.69,59.53,57.79,58.17
11.9,78.41,57.7,77.64,58.09,64.59
9.7,63.73,51.17,70.37,84.0,62.62
16.6,73.72,81.71,69.5,90.31,80.93
13.8,66.69,54.13,90.49,100.0,70.63
19.6,78.97,77.6,70.38,74.47,75.01
6.9,94.45,77.48,51.32,54.34,67.18
29.4,78.47,66.7,52.9,83.31,69.31
29.7,81.59,51.01,92.81,70.05,68.07
22.5,75.94,48.99,98.03,77.53,66.9
18.4,52.56,47.1,84.42,79.49,58.73
12.7,61.64,88.16,68.22,57.32,81.3
25.3,74.6,66.67,96.93,80.12,76.76
22.1,65.51,94.41,83.14,76.31,88.41
9.1,59.09,68.63,92.22,91.16,77.49
27.8,75.21,75.52,88.29,87.58,77.2
25.6,66.14,78.45,68.96,63.4,75.14
28.7,62.91,91.39,73.94,64.75,83.77
23.1,73.2,63.34,59.31,66.11,65.71
20.3,56.66,53.39,64.6,62.83,60.18
15.5,96.39,78.01,88.91,88.19,84.61
28.3,93.39,68.11,94.7,100.0,82.31
26.7,85.38,74.56,86.22,87.78,82.73
6.1,55.31,80.65,73.26,84.73,76.66
5.7,88.79,71.36,54.33,73.76,65.56
14.4,90.4,81.54,52.85,68.8,70.46
25.3,88.39,80.24,68.72,99.67,78.91
29.7,55.7,93.3,73.19,100.0,89.66
8.8,82.2,85.0,80.46,79.67,81.41
19.9,91.72,78.02,50.32,67.53,72.45
14.5,78.87,85.08,99.49,94.48,86.77
29.2,82.32,100.0,68.2,60.71,92.22
26.1,72.92,73.77,92.4,93.82,80.18
26.0,76.44,72.57,76.75,95.56,80.12
16.7,51.72,90.86,56.52,59.64,77.79
15.4,81.95,79.57,89.88,100.0,83.43
11.8,54.07,47.8,85.49,100.0,66.14
6.4,71.75,95.45,76.37,100.0,90.19
26.6,64.63,49.83,75.73,79.34,63.48
25.3,77.27,92.49,54.37,65.56,82.93
30.0,56.67,94.53,82.79,84.07,90.56
29.9,84.58,100.0,95.56,76.73,95.66
18.9,89.75,48.92,54.66,63.58,57.85
24.2,58.17,83.07,63.18,74.97,76.82
28.6,55.22,74.25,95.12,88.9,81.07
26.2,57.28,67.7,64.22,57.4,67.44
11.2,93.86,48.78,82.7,71.63,64.18
16.3,76.41,78.65,76.74,55.49,75.52
8.2,73.36,71.2,79.82,92.26,72.3
28.9,55.34,54.94,70.79,86.28,65.09
20.2,82.48,82.81,65.0,57.03,70.78
10.7,93.4,87.49,52.43,100.0,79.34
21.8,91.41,92.58,87.21,56.36,86.89
20.5,81.3,100.0,87.3,84.74,92.92
14.0,53.76,68.77,83.54,93.83,78.16
7.8,55.62,99.52,82.18,94.32,90.76
21.8,52.47,98.47,62.19,55.44,84.38
18.0,62.87,63.19,51.12,98.39,63.75
24.3,56.78,56.85,90.44,100.0,71.29
18.0,63.0,71.52,74.56,82.54,73.17
26.3,69.25,72.0,65.34,78.02,72.3
18.8,97.15,80.18,55.1,55.55,72.18
19.0,80.52,80.7,53.14,81.29,72.27
26.9,91.75,93.07,67.44,74.52,83.72
15.1,85.52,75.12,90.24,94.05,82.34
8.4,55.63,48.81,95.94,75.95,63.14
5.7,86.8,93.21,94.84,89.87,88.3
23.9,63.75,65.76,96.0,60.83,73.84
20.5,81.96,100.0,95.39,62.37,94.55
22.6,67.05,53.85,76.36,61.57,63.72
10.3,99.88,100.0,60.97,55.94,85.1
8.4,63.18,47.98,89.9,82.46,61.24
5.4,63.96,55.48,60.69,93.34,60.74
13.8,96.53,46.93,63.36,84.32,60.37
19.7,51.23,88.22,61.66,82.45,83.83
14.8,84.83,95.46,75.75,88.58,90.79
15.9,86.27,70.81,66.09,70.95,72.56
27.6,91.82,100.0,57.71,71.56,88.02
13.7,98.72,79.53,72.66,70.07,80.07
17.8,98.78,83.14,93.7,91.23,87.86
24.6,53.26,98.11,78.53,62.79,83.35
14.9,91.09,62.28,93.92,56.29,68.77
20.6,82.32,67.44,59.79,83.4,71.06
26.6,82.37,100.0,58.35,100.0,86.99
28.7,56.42,100.0,78.78,85.2,90.24
8.7,82.51,100.0,73.17,93.54,88.12
28.2,99.12,100.0,83.01,88.62,94.36
17.3,95.59,52.83,89.73,80.25,67.51
11.5,71.96,92.87,87.57,91.17,87.63
16.5,52.0,69.54,97.11,97.04,79.72
29.5,68.11,100.0,69.91,65.43,88.25
17.3,91.32,73.53,60.32,70.43,71.49
13.2,85.07,77.19,77.55,65.84,73.5
20.8,72.97,78.03,55.54,75.94,76.01
11.0,52.76,62.6,64.44,98.12,66.15
6.9,71.34,46.57,60.39,70.88,53.23
8.2,73.45,96.2,69.83,72.91,84.49
8.2,96.43,90.62,55.56,96.35,80.42
8.8,82.05,51.01,51.59,78.87,56.59
8.5,65.58,89.16,82.84,81.74,83.97
21.0,76.27,83.85,80.51,97.87,83.91
9.5,53.3,67.4,85.42,79.66,76.11
13.6,98.63,59.32,83.02,89.06,70.52
27.4,68.0,99.8,55.71,57.62,85.86
16.8,73.89,87.05,64.55,62.8,74.97
21.7,67.76,79.37,56.48,73.61,73.07
9.3,84.13,79.36,92.15,80.27,78.79
9.8,83.11,48.4,87.35,100.0,63.74
6.0,85.77,70.24,60.08,100.0,72.18
9.2,63.41,54.38,67.07,96.58,65.44
12.0,65.78,56.1,98.33,71.68,69.0
9.4,56.26,82.5,79.71,100.0,80.61
7.2,82.78,96.84,90.06,89.87,89.17
8.0,51.99,66.63,63.23,73.44,68.22
16.5,79.88,57.41,60.5,88.71,68.84
10.2,93.48,81.98,89.2,56.18,79.88
14.1,94.54,96.5,84.29,62.37,89.56
17.6,72.45,90.18,84.05,96.52,88.33
22.3,72.97,98.82,77.63,86.94,92.28
6.0,53.85,73.99,78.18,72.9,70.45
25.0,83.54,92.61,86.78,80.24,88.6
20.7,91.06,54.61,63.5,99.07,67.09
7.0,62.23,63.0,67.64,85.64,68.89
26.8,71.07,71.41,93.58,75.52,77.25
28.0,91.94,79.08,65.44,59.95,73.1
6.5,93.86,97.69,77.32,69.33,85.59
11.9,62.16,96.03,85.13,100.0,91.86
25.2,77.53,55.63,100.0,77.87,68.88
23.7,59.62,57.48,71.76,77.9,64.18
9.6,55.09,64.34,71.4,79.21,67.8
10.2,95.56,60.5,92.13,99.74,73.25
14.3,91.03,81.18,90.28,85.62,84.26
17.1,88.0,99.3,86.55,89.87,90.61
20.5,52.44,100.0,73.16,73.86,87.45
14.2,92.19,83.48,66.2,55.42,78.79
16.6,71.9,95.27,80.44,100.0,87.66
23.7,67.12,78.62,93.81,100.0,87.34
5.9,77.32,54.27,94.19,100.0,67.06
11.3,54.57,74.87,55.42,100.0,74.14
22.8,87.83,80.14,71.42,95.05,80.6
27.4,79.12,92.77,73.24,88.62,85.97
17.8,59.33,58.53,98.88,98.16,72.37
18.3,59.41,67.59,83.9,85.06,74.96
7.7,59.21,64.15,70.36,60.94,65.1
16.2,52.85,100.0,51.3,72.64,85.1
18.3,79.39,72.13,78.27,100.0,80.41
11.1,92.02,88.64,54.8,70.85,76.02
11.7,50.87,88.56,91.72,98.89,84.28
14.4,52.45,60.25,87.63,59.92,64.66
5.5,78.64,75.96,73.03,71.09,71.79
13.1,90.97,97.59,71.46,71.84,88.68
10.3,66.34,71.6,94.87,58.27,75.31
13.2,67.48,100.0,64.42,59.82,83.26
8.0,79.82,55.27,62.45,63.41,60.03
27.3,63.71,52.64,96.96,97.71,74.17
19.8,51.33,99.43,90.46,58.6,92.85
22.0,86.76,97.46,91.03,70.4,91.97
24.7,81.28,100.0,59.76,54.1,80.36
17.5,79.04,86.01,57.16,88.21,80.23
7.2,87.08,98.36,51.3,84.1,85.03
18.4,83.76,95.14,61.85,85.96,85.98
19.7,60.29,96.58,88.71,74.04,90.8
23.6,67.62,81.23,62.0,64.13,76.7
15.8,56.31,67.68,86.46,91.21,72.27
8.2,56.49,98.53,62.6,94.32,83.85
12.1,83.81,69.56,69.76,61.12,69.11
14.1,92.93,76.56,99.16,80.29,83.86
21.1,98.14,73.1,62.24,66.17,71.41
19.3,81.42,79.68,68.82,62.54,77.06
13.9,59.21,72.4,65.05,90.62,73.29
29.7,55.28,51.79,55.48,80.23,64.27
20.1,90.64,98.95,74.49,65.28,88.32
10.9,78.94,69.93,68.93,69.64,66.96
7.5,80.91,77.59,84.74,100.0,81.32
8.8,89.07,50.99,90.88,97.88,71.43
11.1,85.16,43.53,77.21,98.63,62.47
9.0,91.72,57.42,51.61,76.1,59.68
9.7,52.81,85.19,80.95,86.05,79.1
12.1,87.38,49.58,52.77,72.01,55.31
9.3,92.54,97.32,80.82,58.74,90.03
27.4,64.31,61.12,84.25,75.1,70.65
7.0,82.02,54.38,59.89,83.29,59.89
18.1,65.71,56.32,90.97,69.82,67.6
15.3,97.9,45.43,95.55,98.13,66.29
29.6,51.67,95.19,90.65,63.0,92.14
7.8,78.99,94.84,65.26,72.28,80.69
14.9,58.33,81.32,79.33,61.01,79.4
29.2,85.61,60.05,95.74,75.98,74.43
26.6,58.79,65.1,66.03,55.94,69.72
25.4,61.77,76.18,91.0,69.09,82.46
11.4,74.72,100.0,50.47,73.07,83.17
9.3,95.74,57.63,50.18,76.92,60.71
21.7,60.59,90.41,87.99,82.46,87.39
28.2,57.21,74.83,88.07,69.03,78.32
18.9,87.95,63.54,89.45,81.52,70.7
19.3,75.03,73.14,96.5,81.24,82.66
12.0,95.59,47.87,55.9,69.16,57.27
24.2,57.33,95.18,61.6,95.21,84.21
9.7,82.3,57.51,95.19,82.99,66.16
13.1,61.64,87.45,58.86,70.14,73.0
15.6,57.84,48.78,84.11,100.0,66.45
17.7,84.17,100.0,76.52,96.85,90.88
11.1,79.68,54.91,54.16,100.0,61.84
7.9,87.74,95.33,64.26,88.47,85.68
20.3,65.47,94.66,76.02,73.47,85.28
12.2,72.4,100.0,92.62,69.6,91.8
19.5,70.27,74.52,85.38,88.29,79.12
8.9,99.2,86.31,81.09,100.0,84.93
17.0,64.61,67.34,74.8,85.83,69.21
18.3,64.74,56.55,64.93,97.98,64.48
6.3,67.73,68.47,55.96,69.82,66.85
13.4,78.23,53.96,70.45,74.58,61.66
8.4,62.62,100.0,51.43,98.4,87.12
6.6,95.76,47.75,60.55,91.47,63.49
29.7,63.28,84.26,71.62,100.0,85.41
13.1,94.79,81.52,70.93,93.0,83.14
25.2,55.17,79.84,52.21,75.56,75.72
11.4,82.83,83.15,79.45,81.32,79.82
22.0,95.35,53.57,77.48,99.68,69.33
24.0,58.44,80.5,53.91,80.81,79.31
19.9,98.42,63.2,97.16,68.6,73.35
16.8,72.64,100.0,54.97,75.08,82.98
15.3,97.29,90.31,92.74,81.38,86.36
13.7,83.84,100.0,50.02,57.84,81.68
28.2,65.08,50.71,94.11,92.84,67.79
25.8,59.42,64.85,50.99,58.53,67.73
29.1,65.19,60.46,87.89,75.52,72.38
8.1,54.65,43.1,68.08,94.31,58.69
23.3,57.19,61.53,86.91,78.59,70.8
28.5,55.23,89.28,70.09,96.31,83.5
9.5,71.15,56.72,53.55,70.3,57.29
6.7,89.78,72.55,88.38,100.0,76.67
23.5,57.07,100.0,53.56,63.68,84.57
19.4,56.52,87.45,96.11,57.68,85.0
26.0,82.17,71.48,52.55,96.77,74.66
8.5,59.86,64.9,73.97,92.05,66.91
24.9,54.88,74.81,86.15,66.77,77.21
10.0,58.34,53.62,69.66,100.0,61.97
9.1,96.19,80.77,60.86,78.76,76.63
9.1,91.07,64.58,87.95,100.0,75.39
25.4,67.7,98.76,89.21,80.6,90.5
21.6,82.79,91.87,96.13,79.36,92.01
18.1,76.86,82.06,68.81,76.59,82.94
14.0,83.86,66.05,75.31,71.26,71.87
26.9,84.13,60.67,68.16,80.78,68.99
14.8,81.44,91.01,62.85,76.4,81.23
25.4,63.31,76.8,87.55,57.09,77.56
16.0,51.95,58.29,66.98,67.04,61.67
14.4,72.78,56.03,71.41,64.94,63.6
16.6,94.55,54.9,70.18,97.58,64.95
12.5,78.47,90.38,85.63,85.08,82.73
23.7,91.62,60.85,95.89,93.93,76.3
17.6,99.58,76.88,83.34,100.0,82.02
10.8,58.18,70.33,73.58,86.61,71.19
27.5,84.59,83.03,88.96,100.0,85.0
14.6,83.71,97.01,82.05,70.51,88.68
18.6,99.0,97.64,53.03,62.49,81.53
27.7,99.28,75.37,54.78,73.46,74.31
20.6,84.33,47.1,51.9,76.65,60.72
7.9,62.18,67.96,72.84,99.14,73.08
28.5,89.93,84.92,91.29,83.48,84.93
20.7,55.35,79.68,65.65,68.55,72.98
13.4,89.03,83.1,69.21,91.28,80.77
8.5,95.51,51.79,95.47,81.02,64.6
24.9,69.14,86.26,91.85,63.62,80.95
20.5,81.53,57.11,83.25,83.84,70.41
18.3,71.51,90.52,63.34,99.37,84.87
27.3,71.89,68.54,55.85,95.48,73.09
24.7,65.52,90.0,50.8,82.39,81.1
8.8,88.11,45.51,55.35,72.17,54.78
12.8,96.81,68.31,64.63,58.23,67.18
11.2,97.04,85.66,77.59,78.14,82.99
23.6,58.74,60.69,53.2,90.79,68.71
5.8,93.74,89.46,56.81,71.42,77.35
19.2,86.87,83.61,59.05,65.31,75.03
24.1,62.64,82.48,81.6,100.0,82.05
26.9,53.36,69.28,80.79,95.93,75.0
13.6,63.4,73.03,77.54,86.56,75.53
25.5,95.61,83.49,62.53,60.59,74.49
7.8,81.66,70.69,68.56,61.36,70.1
26.2,86.05,89.76,54.83,58.45,81.04
8.2,62.86,68.48,61.32,84.49,65.08
14.9,85.97,56.61,94.89,61.47,66.4
24.9,51.41,60.31,98.98,98.07,75.28
8.7,68.77,42.96,82.38,100.0,60.59
10.7,81.34,61.27,95.84,74.07,72.3
23.1,57.3,91.87,82.14,77.61,86.23
23.0,91.15,94.55,51.66,88.68,87.04
21.0,61.75,58.45,99.84,100.0,73.68
22.3,82.61,100.0,54.95,98.0,86.9
18.6,70.26,75.72,84.13,57.93,73.96
11.3,79.8,98.41,62.64,62.21,84.92
13.6,55.37,86.49,69.6,91.91,81.09
9.5,50.85,86.2,82.3,89.38,83.34
27.7,95.48,53.41,71.82,60.97,65.77
19.6,63.48,59.08,62.53,78.85,61.26
15.0,90.98,45.03,66.72,93.04,58.11
16.6,99.97,87.95,67.08,64.96,78.97
28.7,60.57,69.28,97.97,99.44,79.39
8.8,63.26,89.84,89.93,58.05,81.85
19.7,83.14,66.25,72.93,93.49,75.14
17.6,98.27,94.44,59.99,84.39,87.39
20.3,95.79,53.93,90.55,71.19,67.8
5.5,75.14,52.05,57.86,89.52,59.14
26.8,89.76,68.49,60.52,92.75,72.18
28.3,56.79,73.0,68.3,100.0,77.19
19.1,98.87,66.65,94.02,74.03,76.41
22.4,98.22,92.54,56.59,87.7,86.16
28.1,58.19,54.25,56.11,83.5,64.43
22.7,64.97,67.88,74.7,80.74,68.56
8.8,55.01,92.87,63.82,98.35,82.9
19.4,63.59,49.83,78.44,54.87,63.15
20.2,90.8,100.0,72.58,68.46,88.14
15.6,68.92,100.0,71.75,81.22,90.57
23.4,54.42,52.33,55.6,62.25,58.01
28.4,67.11,66.0,57.05,98.81,71.78
28.1,99.07,70.77,91.05,87.84,78.55
16.3,81.48,91.47,94.29,79.55,86.64
7.8,70.81,78.1,61.73,94.44,76.34
29.6,58.33,87.54,55.67,75.88,81.72
26.0,99.31,93.25,52.67,81.09,84.28
8.1,91.04,49.51,80.41,54.96,57.73
28.0,64.07,98.39,85.77,73.44,91.44
26.7,53.5,90.35,68.64,61.06,84.13
18.0,52.83,80.04,83.98,89.52,84.0
19.8,56.02,99.32,85.65,79.09,90.1
15.0,79.04,86.52,96.77,70.9,82.18
6.4,96.44,54.02,53.24,76.58,61.02
13.4,74.84,69.8,59.61,64.06,67.52
25.1,92.15,77.17,53.43,99.46,79.06
5.1,72.29,44.84,93.4,58.3,59.59
13.3,85.43,100.0,89.63,98.65,92.4
15.0,86.59,52.21,78.73,80.29,64.94
18.4,58.7,87.37,54.18,84.2,81.13
28.0,68.06,78.77,63.67,68.95,76.05
13.7,81.87,45.65,64.89,100.0,58.42
13.7,53.53,99.59,78.04,68.77,84.15
23.4,68.08,98.13,62.9,83.21,85.81
16.3,76.74,76.35,53.65,100.0,74.03
10.6,99.81,56.92,86.54,99.24,72.21
16.3,73.73,52.19,64.95,80.72,59.8
8.5,90.8,64.35,72.62,100.0,74.21
9.4,71.6,58.15,56.38,88.45,60.48
17.5,89.82,75.65,90.13,65.85,82.91
15.5,79.77,100.0,78.28,74.98,92.7
27.9,94.33,82.87,95.08,72.42,86.29
14.1,70.55,97.63,74.77,71.69,83.48
19.5,80.22,84.9,97.07,93.84,87.64
20.8,81.5,74.75,94.59,84.89,80.45
5.3,70.87,92.87,78.82,56.63,79.31
21.6,57.22,74.76,96.69,99.67,82.8
9.5,54.68,94.97,66.15,68.81,80.17
29.0,50.83,66.19,68.28,100.0,71.92
8.7,93.68,50.34,52.27,100.0,59.7
15.4,61.82,95.94,79.46,100.0,88.35
7.1,60.58,77.37,86.1,95.73,82.74
29.9,86.8,100.0,88.68,66.35,92.31
17.6,66.0,100.0,57.49,80.08,86.62
19.9,75.3,49.19,72.21,65.55,61.02
6.7,58.13,72.07,58.84,66.51,68.16
23.7,97.99,69.61,83.11,85.54,78.29
10.2,92.58,80.61,57.9,55.51,74.42
27.5,93.19,95.87,95.21,100.0,96.32
10.1,70.34,59.87,61.53,99.62,66.57
9.8,88.12,76.35,64.57,72.91,73.49
5.9,57.19,84.29,92.55,81.32,81.65
16.8,50.43,53.11,72.92,77.69,60.98
19.1,51.0,94.57,51.2,97.18,83.02
6.6,79.33,78.35,74.73,88.91,77.64
24.4,72.77,100.0,54.23,67.16,85.99
16.3,75.9,65.26,99.27,78.3,75.63
18.1,50.37,51.92,79.41,76.21,62.92
16.0,71.13,75.19,62.83,100.0,75.55
15.0,85.9,49.65,78.19,63.46,60.5
19.0,72.13,100.0,53.84,57.71,83.79
8.9,86.61,44.99,89.99,99.43,63.73
9.5,61.65,88.06,96.27,100.0,87.77
26.5,90.66,79.46,93.72,99.21,88.28
28.7,79.42,70.73,67.09,79.58,73.11
14.3,60.54,48.24,66.29,86.97,60.92
11.8,61.84,80.87,51.75,81.28,73.51
21.1,81.4,81.44,82.57,58.42,83.43
15.2,91.5,61.41,76.75,84.4,69.64
5.6,70.78,96.29,72.97,55.06,83.57
8.9,62.92,60.92,95.38,71.97,69.77
22.9,93.35,73.85,58.39,100.0,73.62
21.5,83.46,79.08,50.48,68.23,72.46
5.7,72.4,47.72,53.67,100.0,59.17
10.5,74.4,99.08,61.17,66.18,82.87
10.8,60.21,65.71,51.66,68.83,59.62
21.8,81.34,51.39,75.14,85.93,65.18
5.5,67.94,64.89,65.7,92.02,65.89
7.6,99.78,78.29,59.02,78.61,74.33
25.0,74.01,78.32,87.5,99.36,86.55
9.5,74.29,84.52,60.22,55.62,75.86
21.3,78.29,49.72,84.38,100.0,70.28
11.0,95.84,60.37,67.46,63.87,63.93
7.5,90.04,91.4,75.59,98.75,85.71
11.1,72.56,48.12,96.69,75.84,62.41
23.1,85.93,98.26,51.87,94.75,85.87
26.4,79.31,53.43,75.01,88.08,65.5
25.8,74.62,97.81,92.72,64.36,89.05
14.9,59.62,66.12,79.4,100.0,75.87
21.7,73.2,83.24,63.84,66.11,73.68
10.1,62.29,52.2,69.88,66.4,62.33
12.3,95.74,47.66,84.01,95.75,67.32
27.4,66.77,61.18,94.54,60.96,72.8
5.3,97.61,49.26,52.05,64.22,53.15
7.1,76.65,60.87,53.58,78.39,59.69
10.2,81.58,73.92,66.25,95.49,73.58
5.7,77.15,77.04,61.64,61.07,71.92
9.5,56.47,90.24,63.25,81.18,80.03
19.6,68.79,85.25,61.06,89.22,78.1
15.5,54.96,81.18,59.79,96.62,79.27
27.3,81.15,72.9,56.53,100.0,78.73
25.4,72.34,76.05,96.7,95.03,83.32
13.5,88.9,68.92,57.21,86.07,70.28
11.5,61.02,93.98,60.22,75.29,78.52
14.5,58.23,58.15,62.31,59.35,60.54
19.8,70.32,46.28,96.65,91.29,67.36
11.7,96.33,82.59,87.79,100.0,85.4
20.6,85.52,58.33,89.48,92.21,71.4
15.2,70.95,97.97,55.24,54.15,80.8
18.8,75.86,97.18,91.82,80.32,90.7
15.9,54.21,49.37,70.41,84.95,60.46
12.4,99.23,50.1,63.14,88.27,62.45
28.7,83.32,78.32,78.79,90.72,78.41
24.1,64.27,83.78,91.11,83.38,84.85
8.5,79.29,59.04,88.93,66.51,68.2
26.7,55.47,91.02,94.5,100.0,90.28
17.2,98.29,80.85,96.41,90.61,84.59
27.4,58.74,67.71,61.91,65.55,68.38
25.0,82.4,49.02,71.19,70.39,61.26
15.6,62.27,89.69,50.73,99.14,80.54
5.6,85.88,54.57,93.97,100.0,69.73
11.7,88.84,93.58,57.73,73.72,77.78
18.5,83.67,70.77,93.07,57.5,76.75
20.8,80.72,80.86,66.47,56.41,75.41
11.4,94.62,95.8,68.41,68.3,88.17
8.5,53.93,94.37,51.96,84.58,77.91
25.9,66.55,70.06,66.34,83.19,71.67
29.6,62.41,61.41,94.42,87.36,74.59
18.1,99.4,91.94,51.28,88.94,83.53
9.3,69.47,68.77,70.32,55.17,64.02
11.8,86.63,55.06,51.57,58.34,56.7
5.5,84.24,95.92,68.55,72.08,84.71
27.9,60.6,60.26,58.63,61.26,62.56
7.9,61.95,43.92,62.61,57.53,55.17
19.4,64.06,47.04,93.88,87.68,64.71
11.9,70.56,80.91,71.8,95.08,77.5
18.9,61.72,85.37,63.69,91.45,81.57
21.3,50.98,65.05,79.47,95.62,76.02
25.7,93.97,66.91,57.11,86.72,72.13
10.2,98.28,63.43,62.97,90.55,70.92
5.3,67.08,82.4,77.31,68.23,80.02
8.4,66.93,46.01,61.88,100.0,56.7
27.5,50.35,100.0,83.96,64.2,91.96
26.8,84.01,61.39,74.57,65.19,66.38
19.9,91.27,100.0,88.6,69.77,92.94
20.0,57.33,56.29,97.41,100.0,72.17
21.6,57.98,92.77,55.79,100.0,86.4
9.4,89.5,56.22,66.73,93.74,67.46
27.9,80.81,53.22,65.98,85.41,66.49
15.5,52.24,97.15,57.56,79.45,83.83
14.6,81.13,95.91,90.52,100.0,93.17
18.0,65.45,69.61,87.99,90.06,76.66
6.2,68.44,84.0,74.22,100.0,80.64
9.2,88.49,76.18,76.89,70.44,78.0
23.5,90.55,98.23,52.98,69.87,87.87
7.1,70.02,61.03,77.78,97.41,68.86
20.1,97.36,77.45,89.57,62.86,80.3
11.1,70.32,72.45,78.69,100.0,76.52
14.7,88.59,65.64,63.27,79.17,65.93
12.2,74.19,97.15,83.38,100.0,90.18
13.9,94.88,54.12,68.07,70.92,65.96
23.0,95.39,55.87,77.24,90.43,67.92
12.4,54.37,78.33,74.38,78.6,79.88
19.2,96.82,85.21,69.06,85.48,84.48
16.9,91.28,56.75,85.94,80.38,69.92
21.6,89.57,69.92,94.19,100.0,81.66
28.4,60.05,100.0,50.26,87.63,85.09
23.3,90.26,61.79,96.68,68.37,73.2
10.4,92.51,83.22,75.58,100.0,85.04
5.8,64.46,86.15,85.04,69.8,79.37
11.6,97.61,70.37,92.78,74.15,78.44
19.9,52.49,100.0,73.36,59.51,83.89
6.3,57.5,86.09,91.75,100.0,82.55
17.4,76.88,72.7,58.88,67.84,74.17
19.9,78.79,80.13,57.96,66.43,74.74
13.4,82.26,85.58,82.87,100.0,84.07
24.3,50.85,82.82,93.51,95.89,88.28
7.7,98.02,95.03,94.62,62.73,90.43
6.9,52.23,63.48,82.19,93.4,71.78
23.2,57.15,64.95,76.27,100.0,72.34
17.4,50.7,58.05,66.57,57.92,61.56
22.2,78.34,48.93,99.0,97.2,70.24
15.9,96.61,47.35,65.98,81.33,61.78
11.2,83.3,95.56,87.21,88.69,88.75
25.5,91.13,88.35,76.6,79.24,85.9
25.0,50.66,87.13,80.43,89.72,85.47
22.4,77.1,83.6,69.67,55.88,80.5
11.8,72.98,94.49,98.24,94.03,92.89
19.8,74.95,74.76,78.58,56.38,71.79
14.0,53.61,96.42,96.89,78.57,89.75
7.3,84.22,63.76,50.38,60.57,60.29
27.9,75.16,100.0,78.63,95.9,94.76
8.4,88.26,84.44,85.86,70.83,83.06
28.8,74.26,64.07,87.25,77.94,74.57
16.2,57.47,78.71,95.25,77.16,80.27
9.6,82.41,74.86,50.22,91.64,71.68
18.5,58.62,53.82,50.02,77.06,59.62
26.8,93.62,83.51,73.61,93.87,83.12
23.3,80.66,65.88,51.46,56.77,63.26
25.2,57.86,50.7,98.73,65.5,62.97
21.5,98.12,100.0,61.1,81.25,91.02
22.3,75.92,85.18,73.63,100.0,85.27
26.2,53.64,100.0,53.06,56.92,84.09
11.2,81.34,83.92,76.1,56.72,80.22
17.2,62.66,66.58,69.0,61.97,65.68
10.5,90.18,73.91,52.23,85.19,67.99
29.7,90.89,89.45,66.76,73.96,85.14
28.6,98.95,100.0,69.57,95.45,93.59
6.0,75.09,57.02,99.5,59.57,63.91
22.6,72.75,99.28,60.39,63.44,86.01
28.1,87.67,100.0,77.24,69.63,90.45
9.5,56.62,83.07,99.37,87.3,82.29
19.2,77.35,100.0,89.6,89.64,93.12
27.9,77.31,72.24,99.67,62.19,74.86
5.8,54.47,98.92,98.41,100.0,91.6
22.4,70.9,88.89,74.48,71.52,81.93
12.4,92.66,46.24,84.82,90.75,64.79
28.1,92.81,100.0,55.52,79.54,88.0
29.3,54.96,77.86,72.06,65.46,77.94
28.6,54.54,76.2,90.45,97.74,77.94
16.9,63.13,79.06,75.27,95.43,77.87
26.6,93.74,56.94,85.13,74.91,71.33
26.1,56.45,75.98,87.29,84.67,79.66
13.0,86.0,93.77,62.67,66.65,83.68
25.7,55.06,48.64,93.78,90.12,63.98
5.9,81.16,58.15,72.99,69.83,65.36
19.9,67.8,46.12,60.51,95.83,58.58
10.8,89.45,68.18,93.27,66.47,72.7
8.0,61.68,86.1,70.89,54.99,78.3
6.9,81.96,90.0,87.52,68.68,86.04
22.4,61.78,100.0,77.4,64.19,90.5
13.5,85.68,80.56,69.09,79.56,81.54
23.1,93.68,62.21,90.49,65.62,74.91
6.6,56.34,97.43,79.22,92.91,86.19
12.9,93.33,90.39,69.53,66.24,82.13
18.5,79.68,80.02,55.48,88.68,75.73
24.8,56.36,89.18,94.77,84.61,92.28
13.0,71.38,99.36,51.77,100.0,87.99
20.6,58.04,88.92,93.16,100.0,88.68
27.1,85.02,70.23,68.0,97.56,77.87
20.4,87.94,88.9,81.97,92.92,85.06
10.8,55.29,45.66,96.11,75.09,62.53
5.6,75.31,64.86,57.59,91.12,64.84
26.8,90.73,72.42,78.35,100.0,76.68
5.5,96.81,51.66,88.22,56.46,64.1
26.9,75.68,49.46,87.88,82.17,68.58
18.2,97.51,53.46,76.28,65.48,65.31
28.5,76.78,87.83,81.24,82.76,86.13
25.0,69.71,95.64,87.88,78.59,88.21
29.9,92.41,100.0,92.05,84.31,93.95
13.8,74.65,64.92,88.09,82.84,71.16
24.2,73.6,83.22,67.7,100.0,81.94
15.0,74.52,100.0,99.84,83.6,96.24
17.0,92.34,55.12,71.73,96.61,69.35
20.7,91.6,89.27,51.22,69.06,76.23
26.8,70.18,93.34,68.13,76.0,84.31
29.6,66.66,54.22,56.39,76.9,61.55
24.2,74.6,98.93,56.07,67.3,80.35
15.4,78.64,93.41,64.08,72.83,83.99
15.5,61.92,46.65,52.67,83.09,55.73
23.4,89.7,52.49,84.43,84.08,67.83
11.0,74.32,46.25,53.7,85.04,58.65
7.8,66.7,62.42,60.16,71.2,63.83
13.9,55.34,74.73,54.64,69.07,68.7
12.2,61.94,75.6,53.16,83.77,72.31
12.4,97.46,59.78,63.39,60.44,65.8
10.8,65.25,97.94,78.59,67.37,86.76
6.1,58.44,63.93,98.23,58.0,71.02
5.4,73.03,44.35,93.78,59.26,58.79
29.7,65.35,66.92,93.8,67.8,75.69
15.7,51.76,76.58,58.8,54.51,70.1
14.6,66.16,68.87,63.25,66.06,66.88
22.0,77.21,63.03,53.82,85.98,66.16
10.5,77.59,51.03,88.92,58.4,65.24
28.7,67.83,97.76,53.49,75.05,89.02
24.7,72.37,100.0,77.83,100.0,96.29
7.2,98.28,61.93,62.39,93.3,64.96
15.4,68.87,67.52,62.17,69.0,65.27
27.0,62.91,85.18,99.54,100.0,87.34
28.6,62.17,91.69,87.84,71.75,88.27
16.7,72.89,68.53,91.85,59.14,68.26
20.3,87.98,100.0,78.6,100.0,92.28
9.2,60.3,76.36,93.55,99.11,83.09
29.8,85.46,75.96,82.27,78.24,82.28
10.8,51.06,82.04,97.31,89.16,82.08
28.6,70.95,100.0,64.07,87.4,89.12
21.2,88.79,94.03,79.77,64.51,87.88
20.2,66.94,48.46,84.51,65.07,64.11
17.8,78.19,65.28,69.65,77.66,68.9
10.8,60.25,71.47,93.99,100.0,77.86
9.4,87.1,61.69,98.99,56.44,69.24
10.5,52.61,85.16,74.69,93.61,78.35
9.7,92.63,92.49,69.53,57.05,81.02
24.5,59.91,91.23,73.6,78.33,84.39
13.8,93.72,100.0,92.64,87.45,91.52
6.4,67.63,58.27,82.27,89.28,68.63
29.2,86.13,100.0,52.24,56.05,85.97
27.1,65.96,94.13,77.11,75.56,88.87
28.2,95.3,70.19,50.87,82.24,70.47
29.9,56.33,93.02,88.93,58.64,83.81
9.3,58.93,49.03,66.42,60.74,57.4
14.9,74.65,91.83,73.6,87.6,84.0
24.0,54.1,79.14,89.93,81.48,79.97
22.4,59.8,64.26,52.32,61.23,61.92
8.8,97.19,81.99,57.93,80.24,75.6
25.4,98.82,86.12,69.9,99.82,88.56
10.6,68.81,55.75,61.5,54.47,58.2
10.6,96.16,45.0,66.9,86.14,56.95
18.4,77.24,71.54,99.91,59.67,78.41
19.8,63.49,80.11,91.27,55.8,79.67
19.5,85.12,98.45,94.2,63.18,87.4
7.3,82.95,97.88,96.85,76.96,92.1
26.9,99.46,79.8,67.05,94.14,85.35
11.6,63.25,88.71,64.85,67.98,73.89
8.2,83.6,68.82,61.7,84.98,67.33
27.2,52.6,92.92,91.51,76.05,83.87
28.9,55.68,60.96,83.98,66.76,69.98
26.6,50.2,70.24,61.81,79.42,73.39
25.2,99.97,85.61,68.85,94.0,84.73
21.4,90.11,47.51,75.34,96.14,67.21
18.8,89.34,88.99,76.41,96.91,88.11
7.2,75.49,92.29,94.44,72.6,89.79
15.2,65.0,68.51,69.03,93.81,74.39
14.3,57.56,71.17,95.43,66.34,74.56
11.5,64.23,94.53,72.07,91.24,85.88
23.1,68.8,93.47,87.32,100.0,89.61
17.4,87.82,62.51,96.51,56.48,71.23
7.0,76.98,61.54,95.38,77.74,71.07
10.5,53.87,83.88,52.85,85.56,75.0
22.1,50.9,80.42,60.29,88.71,79.44
6.9,55.12,51.8,73.85,63.23,58.51
26.3,70.52,66.49,71.58,100.0,72.68
17.4,96.66,99.22,82.04,85.68,90.35
17.0,81.87,86.39,97.24,64.05,86.26
19.8,90.09,100.0,55.62,54.37,81.48
25.6,73.32,93.7,72.59,93.52,88.07
13.7,68.08,100.0,59.62,57.57,85.71
22.0,55.42,59.57,94.71,62.73,70.36
19.1,93.8,92.02,98.23,84.63,91.15
11.7,89.16,44.72,73.94,84.62,59.85
27.0,58.41,88.35,55.2,87.65,79.31
24.9,75.61,75.63,89.26,75.04,78.41
21.5,74.37,67.26,84.86,93.78,75.7
26.3,81.25,99.63,67.73,100.0,92.34
26.7,97.31,99.27,94.37,69.21,95.99
22.7,78.99,48.15,98.79,91.08,68.83
25.9,77.01,84.34,77.89,100.0,87.9
22.4,52.52,68.79,78.29,89.01,77.33
22.0,53.15,71.54,64.88,87.95,74.56
20.5,59.37,96.07,79.23,65.94,88.87
23.8,51.62,65.73,71.98,81.08,68.99
9.0,87.17,99.28,65.11,82.04,84.37
27.0,86.17,58.88,53.36,88.21,67.36
26.8,56.8,87.8,62.64,100.0,81.07
5.7,91.8,82.04,59.89,55.27,72.55
25.6,57.74,62.81,77.1,57.89,69.8
8.2,65.06,61.95,80.08,58.7,68.54
13.4,62.45,94.11,80.43,91.98,86.99
23.6,68.62,92.79,69.41,60.98,82.12
9.0,62.73,62.45,71.06,85.38,67.92
25.4,74.45,79.66,91.71,71.73,80.31
25.8,70.37,51.44,73.81,77.3,63.98
17.7,99.33,57.83,99.39,66.74,71.34
5.2,52.8,70.71,71.98,97.63,72.09
12.2,57.11,48.82,82.48,84.26,62.59
20.4,52.64,96.72,52.52,100.0,83.57
29.5,81.29,91.93,82.67,83.69,88.04
20.8,52.73,100.0,92.57,61.75,89.16
11.5,91.82,85.06,97.12,64.37,80.8
20.9,75.6,100.0,99.87,100.0,97.68
18.5,76.35,78.82,64.11,90.13,79.1
24.5,78.08,83.36,78.77,57.19,81.74
7.7,58.54,100.0,72.54,89.54,87.2
24.0,59.88,85.73,78.19,75.3,80.96
18.5,65.94,47.4,57.87,68.83,58.14
29.1,79.67,92.16,92.81,63.27,90.35
13.5,60.51,98.38,95.48,97.73,93.59
20.8,55.82,93.97,72.48,57.54,86.42
28.3,98.51,83.52,64.02,68.33,80.17
7.6,51.1,82.56,57.04,68.74,72.37
28.4,90.13,100.0,84.19,63.1,91.24
22.2,89.4,52.1,65.61,79.35,60.58
6.7,64.86,82.04,95.48,56.32,80.3
12.5,56.78,60.75,83.55,70.06,67.32
22.7,57.28,85.22,82.28,100.0,86.25
6.7,84.87,78.47,77.97,70.21,79.57
19.6,82.14,55.09,52.29,71.16,60.18
13.6,89.14,56.48,96.6,79.46,65.96
20.5,96.87,83.45,81.4,82.96,84.58
6.1,84.6,49.52,99.7,96.42,67.85
26.8,57.79,63.95,76.87,64.13,68.43
29.3,62.17,98.9,85.51,98.72,95.16
29.2,92.11,68.39,52.81,91.05,73.76
23.7,60.47,76.39,81.59,91.03,78.03
8.3,53.63,98.96,88.23,59.63,86.29
24.0,85.16,60.83,88.93,56.42,73.08
5.6,70.13,65.06,88.51,85.01,70.41
5.6,96.0,78.07,61.31,96.84,75.97
13.1,82.51,89.25,98.77,85.15,83.57
17.2,54.52,99.26,99.76,66.65,88.76
24.3,97.39,100.0,53.78,57.76,85.48
22.1,62.93,93.23,96.82,90.79,93.81
16.1,66.86,58.53,64.47,89.96,63.3
11.8,70.11,45.03,84.46,63.7,59.22
29.9,52.56,72.0,66.91,55.42,70.86
15.7,74.83,53.2,98.39,76.31,70.11
16.3,56.17,87.51,55.08,82.44,76.0
9.1,70.05,82.4,74.89,89.79,80.31
24.9,67.54,50.11,71.4,94.78,63.5
22.3,88.64,96.89,66.3,84.51,88.49
10.5,90.16,58.07,82.28,60.48,66.04
7.1,57.67,68.06,56.55,87.52,66.74
22.0,68.33,86.68,85.83,100.0,88.0
21.4,68.67,72.19,99.03,100.0,81.91
11.8,57.57,70.02,90.23,98.99,76.51
28.8,89.92,52.58,93.0,70.69,68.58
8.8,85.36,66.73,67.98,91.62,70.76
15.8,59.52,90.63,66.24,96.53,84.06
28.6,68.34,100.0,75.85,88.47,90.35
15.5,55.29,69.46,52.29,65.67,65.49
21.0,81.41,71.72,97.27,100.0,79.74
14.9,56.07,86.63,57.19,75.97,77.21
11.9,99.3,100.0,95.15,62.2,90.47
29.6,89.03,64.9,54.18,58.74,68.62
15.2,69.51,70.97,91.13,87.85,78.59
27.4,78.93,95.98,57.6,75.35,83.67
10.7,95.57,79.79,51.91,57.83,71.64
10.3,77.7,49.73,85.97,92.18,66.18
5.8,58.72,79.4,64.01,93.81,74.87
21.3,68.94,57.59,85.72,91.41,69.19
14.2,92.16,74.87,77.75,64.78,73.14
26.6,82.21,79.73,55.44,87.82,79.24
16.8,82.54,97.61,96.61,56.34,91.76
29.2,93.34,76.51,72.62,69.62,77.81
9.6,94.7,59.65,86.72,75.14,70.64
26.7,95.99,61.87,75.05,96.26,67.84
24.4,54.74,99.78,80.22,74.33,92.59
24.3,77.21,57.55,65.14,54.47,63.21
26.1,87.03,73.38,60.02,71.22,73.74
24.0,87.85,58.43,77.13,79.58,68.76
20.7,80.34,92.61,72.01,100.0,90.52
8.3,58.34,70.95,69.51,100.0,70.83
5.8,89.87,62.81,83.63,64.06,71.02
28.0,86.01,70.07,84.53,64.33,76.71
20.4,54.31,97.25,52.3,61.31,82.47
24.9,73.19,80.7,66.94,93.47,79.68
17.0,58.7,88.17,70.59,54.54,76.42
7.9,66.87,96.19,54.84,59.65,81.19
8.1,50.9,96.53,61.8,80.61,83.14
22.1,70.02,66.34,52.58,65.53,68.82
15.8,77.49,100.0,99.81,60.61,91.67
10.0,80.98,44.49,86.83,73.2,59.63
17.3,83.17,67.8,54.37,66.97,69.89
6.6,91.81,95.73,51.01,78.62,84.91
19.5,60.77,62.33,85.96,100.0,73.41
11.7,56.02,59.89,71.96,60.54,62.24
24.9,92.58,65.63,89.34,74.0,76.82
12.8,57.83,80.58,96.17,100.0,83.35
16.4,98.74,71.22,79.97,98.64,79.05
5.3,92.13,85.19,59.36,73.27,76.06
6.8,75.04,95.73,89.11,90.3,92.15
14.8,99.07,84.89,97.79,60.26,82.99
17.0,54.87,57.37,79.01,90.37,68.6
20.0,65.15,100.0,84.1,100.0,92.5
12.3,81.91,59.56,66.87,80.88,65.35
22.4,67.5,55.71,69.08,79.06,64.39
26.5,96.42,53.35,86.73,64.57,69.06
24.5,53.28,81.15,96.39,87.47,86.35
6.0,77.47,48.63,81.45,84.41,63.0
17.0,79.54,53.43,89.49,87.97,68.21
7.6,82.64,60.28,58.58,54.81,61.37
11.1,62.78,60.23,60.6,81.08,65.71
29.7,68.23,85.16,76.6,84.35,85.9
8.6,92.18,91.58,58.83,63.91,74.39
17.5,59.75,90.93,81.75,65.32,83.25
20.5,91.34,61.9,64.58,67.68,66.66
22.6,78.13,61.5,89.58,90.96,75.2
19.0,88.11,100.0,90.41,85.73,93.78
5.2,85.68,42.05,73.19,96.68,59.72
13.2,60.38,96.74,59.04,68.32,80.09
17.9,78.44,57.35,82.34,100.0,71.0
7.2,93.39,99.0,99.64,93.17,95.83
13.8,71.61,64.68,81.13,74.62,67.74
5.8,98.33,68.16,51.79,57.87,69.4
7.0,72.61,84.53,50.86,65.9,75.45
14.9,57.14,79.73,66.02,100.0,77.91
8.3,69.47,61.57,59.79,69.11,61.57
19.2,97.59,78.99,90.65,71.94,81.38
22.2,65.99,90.5,92.24,65.01,86.74
25.0,93.4,50.04,62.93,94.12,64.93
10.0,94.06,43.67,66.28,67.76,58.81
9.2,67.51,70.24,61.81,70.22,67.43
7.6,54.16,50.19,95.42,76.45,64.95
20.9,86.23,86.13,75.13,76.2,80.38
22.7,65.58,59.65,82.81,75.54,68.72
5.8,89.15,67.71,70.77,79.44,70.72
28.4,72.13,60.38,81.55,95.62,74.33
6.3,74.26,74.8,69.29,95.12,73.24
18.5,88.9,52.51,66.98,93.94,64.06
22.7,69.12,48.2,81.72,59.96,64.39
26.8,72.16,51.11,79.55,94.75,69.51
22.9,68.81,100.0,64.68,59.89,86.44
25.0,68.37,56.04,57.47,59.69,57.34
13.5,76.3,86.56,68.43,100.0,87.28
25.4,90.44,51.7,70.76,95.22,66.52
7.0,68.09,48.59,81.43,82.51,60.91
27.4,76.21,78.75,95.73,99.49,85.01
18.7,83.54,73.5,51.81,100.0,74.33
25.4,63.47,100.0,62.18,84.26,89.09
16.3,63.88,100.0,59.69,84.22,88.12
21.1,96.67,93.11,75.11,92.23,86.98
18.2,86.18,81.59,71.49,65.9,77.53
23.3,78.86,74.29,86.45,63.55,81.19
7.0,82.39,63.47,62.12,91.71,67.74
6.5,51.46,98.78,79.72,72.03,85.72
11.2,80.91,79.53,94.19,62.4,77.82
9.0,75.48,77.44,95.53,71.47,80.03
26.8,77.29,61.95,97.94,73.81,76.57
10.5,67.97,45.95,88.66,100.0,65.57
29.4,54.07,100.0,95.3,90.62,95.21
13.4,59.67,62.84,61.73,80.24,66.48
9.6,97.54,69.44,59.88,100.0,75.18
24.7,70.43,54.29,50.32,98.18,65.36
21.5,73.33,96.67,85.34,80.72,88.95
17.5,52.64,46.91,96.87,100.0,61.81
18.9,51.88,95.71,59.35,73.78,83.37
23.0,85.86,55.32,81.85,66.43,68.44
10.7,76.9,96.4,87.32,66.87,85.45
29.9,75.44,92.76,96.38,88.9,92.83
29.4,62.16,58.7,82.34,79.99,69.88
21.3,87.24,80.34,98.51,88.86,85.86
10.0,58.41,61.76,67.23,88.33,65.5
22.0,59.5,57.29,67.5,55.17,65.15
6.8,73.04,93.59,77.15,57.33,82.46
5.8,64.31,65.95,69.18,80.78,66.22
11.4,62.37,67.33,50.07,62.55,65.56
16.6,82.26,55.17,86.59,86.83,66.34
26.7,82.55,70.99,87.59,82.87,81.06
23.2,91.23,99.26,87.35,84.53,95.5
23.6,70.89,68.87,67.25,69.16,73.72
15.6,53.65,100.0,76.11,86.56,88.9
13.6,63.68,100.0,68.0,95.55,87.76
14.3,99.0,52.98,50.8,100.0,62.55
29.7,79.81,59.55,78.12,96.61,72.44
6.0,85.49,93.56,56.19,81.24,79.87
26.7,50.37,71.58,54.0,62.91,67.98
19.5,75.91,46.11,87.77,89.34,63.91
16.0,51.88,61.23,50.48,99.91,62.81
23.1,78.46,82.79,97.95,66.47,85.67
17.2,96.04,93.12,75.76,67.35,85.39
26.8,98.42,56.04,99.15,63.4,70.94
27.5,77.03,54.88,52.9,90.01,61.98
15.5,72.91,99.98,79.18,75.08,87.19
11.9,97.25,88.64,67.47,57.18,83.18
19.8,83.68,81.33,92.17,99.28,84.5
27.8,53.24,94.49,68.06,81.96,87.43
10.3,73.29,68.82,63.02,70.33,68.55
20.6,62.01,91.69,92.88,72.77,82.54
20.8,73.49,68.55,68.73,68.63,74.16
23.3,72.77,61.64,50.84,75.82,66.13
8.3,79.11,86.23,69.51,71.02,77.33
22.9,67.84,72.05,82.73,82.36,76.9
27.7,58.21,100.0,62.72,92.44,87.37
9.5,75.19,63.82,71.6,88.02,72.47
10.9,91.51,98.57,52.84,67.89,81.09
29.3,83.2,100.0,79.4,81.2,91.88
9.5,66.92,57.36,87.81,97.28,67.99
26.4,96.78,95.81,70.67,57.65,86.67
17.3,95.61,71.17,71.01,58.17,74.44
11.2,60.47,98.41,54.41,81.07,86.48
26.8,51.97,75.05,60.1,85.57,73.8
16.1,87.07,89.49,57.73,64.03,79.87
17.9,91.38,73.39,74.08,91.7,77.31
14.0,98.39,57.87,76.46,86.9,66.62
19.8,94.49,57.9,97.45,100.0,79.25
9.1,80.03,68.26,53.66,61.67,67.85
14.8,76.5,89.77,79.99,92.37,86.3
29.2,51.39,85.06,76.32,58.76,83.48
11.5,62.33,84.77,75.81,82.81,82.55
21.4,72.98,63.36,93.66,83.21,74.63
13.1,81.43,72.82,60.28,73.04,71.57
24.3,77.86,49.95,52.04,95.35,64.14
8.3,87.13,91.54,83.61,55.24,81.2
29.2,63.99,100.0,67.26,80.05,92.69
16.3,78.25,69.3,50.88,63.91,66.3
10.9,54.41,43.93,62.57,90.92,59.21
6.8,70.68,52.23,65.47,56.08,57.62
9.2,87.51,81.91,80.84,96.43,82.49
18.0,84.67,82.12,58.63,95.42,78.91
13.4,99.53,91.29,70.65,95.88,85.08
25.7,63.89,62.94,74.12,62.08,68.08
15.8,74.91,90.56,72.96,85.9,87.0
11.2,66.48,84.64,98.7,56.64,77.62
20.4,72.03,65.49,52.28,95.54,66.45
22.7,92.85,79.54,97.55,92.0,84.51
9.2,84.21,51.6,79.1,81.31,61.58
9.2,94.12,69.91,89.79,91.92,79.79
5.9,60.18,94.64,71.52,59.01,83.49
23.4,93.67,72.29,72.69,80.79,77.28
21.6,52.99,96.85,93.97,70.2,89.01
16.9,94.43,80.49,94.8,100.0,88.27
26.1,66.45,59.34,61.93,96.58,65.22
25.1,65.73,82.4,59.96,90.26,83.24
19.6,75.6,76.24,74.81,100.0,78.04
26.7,97.03,71.93,95.01,73.04,79.66
10.1,52.39,50.21,66.12,99.01,60.24
7.8,67.61,67.34,82.6,71.22,68.64
11.7,92.83,47.88,85.41,91.76,68.33
6.4,69.8,47.85,88.93,92.16,65.02
18.3,59.96,70.44,78.2,55.61,73.52
28.4,71.24,66.84,70.12,72.26,69.47
6.0,69.28,97.33,98.35,56.87,88.24
8.1,95.77,64.97,80.57,100.0,74.28
16.3,88.1,90.36,86.43,61.3,85.43
28.3,75.26,80.3,67.25,81.18,77.33
12.9,99.42,86.12,83.5,94.54,87.56
17.7,73.26,60.92,62.89,63.83,64.8
6.0,52.91,98.31,62.25,77.98,81.26
8.7,63.11,74.42,85.74,85.51,73.04
29.7,71.8,98.79,76.07,62.57,90.3
29.1,57.85,70.63,84.16,93.98,82.92
5.1,97.38,47.54,63.47,68.78,55.05
28.8,88.34,89.06,79.94,65.35,85.88
21.0,63.41,46.77,72.2,82.24,62.99
26.7,79.54,76.53,79.85,75.31,76.82
16.4,86.07,56.49,64.54,99.88,65.8
17.9,97.06,83.01,85.77,99.15,83.97
17.2,94.08,100.0,90.3,79.59,95.02
21.7,75.76,74.37,63.0,71.74,75.88
8.5,88.73,91.6,65.03,70.18,81.42
5.7,78.11,72.18,83.06,68.36,71.52
12.7,77.64,73.56,84.78,82.32,76.0
22.6,55.74,100.0,85.2,95.36,91.99
10.0,56.31,96.4,84.13,70.59,84.44
21.8,76.48,93.69,69.64,63.68,83.99
29.2,63.44,66.54,69.74,77.95,73.01
7.3,51.05,74.89,62.74,57.21,69.48
21.8,86.14,59.97,57.84,88.53,66.96
16.1,51.62,71.47,84.63,81.0,75.12
26.7,79.76,77.06,54.66,78.1,74.79
9.4,76.96,92.72,96.89,70.83,85.14
22.3,98.44,100.0,91.33,100.0,96.91
26.0,74.21,72.68,92.88,60.09,76.58
28.6,53.18,49.64,95.33,99.21,67.05
22.1,77.58,98.34,70.43,73.07,88.6
17.4,92.05,55.68,92.34,99.57,70.85
20.4,99.84,83.43,57.9,89.91,80.43
26.7,71.52,49.51,51.08,58.27,58.66
19.3,66.01,69.76,89.24,96.93,76.07
5.8,95.33,100.0,53.74,87.33,85.26
28.3,59.56,54.53,99.43,57.59,65.36
22.2,80.77,72.08,83.74,61.71,78.26
21.9,70.29,65.0,87.67,87.04,72.04
10.4,52.05,97.43,62.29,86.87,83.29
21.5,67.36,98.61,83.69,92.35,94.62
14.8,63.26,58.7,52.16,89.14,62.66
21.3,84.3,51.26,91.89,88.49,66.47
7.7,97.44,79.94,58.48,91.82,77.52
21.4,63.4,66.6,84.87,83.84,75.46
30.0,90.57,89.33,61.22,66.71,81.38
6.2,52.77,43.79,53.42,98.83,53.52
29.4,76.91,56.82,74.07,55.35,64.97
15.2,53.53,85.74,58.46,71.84,76.16
26.8,96.7,60.78,86.47,91.63,71.01
24.6,88.32,98.84,61.88,75.07,87.3
19.2,82.9,49.28,67.12,55.27,62.26
23.5,91.19,59.98,78.37,58.0,66.5
27.0,82.38,100.0,64.25,86.29,88.97
15.1,98.45,70.51,68.9,100.0,73.12
13.2,85.7,86.14,90.78,83.04,86.34
21.7,96.23,57.47,58.96,78.88,67.49
25.2,75.86,84.15,54.11,69.17,79.45
24.1,55.85,90.8,66.42,66.82,79.53
24.9,76.41,66.34,71.22,55.32,70.45
15.9,56.34,94.5,77.13,68.28,87.35
25.4,79.62,83.83,68.62,76.58,81.8
8.0,74.12,65.75,89.5,65.27,71.69
18.6,81.13,79.04,51.97,57.49,71.07
5.1,50.5,76.14,71.59,90.19,74.47
13.1,59.74,53.86,69.11,98.88,66.68
14.2,74.57,68.42,82.38,100.0,76.25
14.9,97.53,65.08,98.31,86.8,74.27
22.4,69.18,70.77,75.52,57.17,71.32
14.7,71.22,90.08,99.34,93.0,91.91
16.2,85.73,73.81,65.11,59.41,72.29
10.9,80.19,99.69,51.54,86.58,84.87
14.3,64.95,61.91,58.28,92.47,65.3
10.7,70.54,68.15,69.76,90.48,73.5
6.8,60.88,89.26,65.82,100.0,84.83
20.1,98.3,78.79,54.85,90.2,79.22
21.7,56.53,79.33,71.63,88.96,81.42
20.5,68.59,49.35,66.91,67.1,59.13
16.6,51.29,68.9,56.13,99.61,69.29
14.5,61.09,60.59,64.81,62.87,63.3
26.6,89.02,100.0,94.32,100.0,97.59
18.0,60.06,63.9,65.1,69.54,69.36
17.0,54.0,98.17,85.7,61.65,89.84
5.6,73.72,82.25,80.6,96.17,81.77
13.5,50.5,64.5,71.36,54.4,62.74
14.5,54.24,76.96,61.95,95.32,71.8
15.0,90.38,94.93,68.45,67.23,84.87
19.5,88.57,98.85,79.61,99.02,94.39
18.3,95.76,55.11,67.54,88.62,65.92
20.2,92.73,66.43,60.74,86.95,74.4
24.1,84.16,67.34,55.82,71.62,67.01
25.3,52.62,50.11,93.99,58.61,62.38
23.0,89.14,82.79,72.02,95.82,81.75
28.9,92.28,99.96,81.26,63.43,90.31
5.5,89.95,64.54,74.52,73.08,69.34
9.9,75.42,87.37,93.63,85.64,84.89
5.2,61.65,79.22,77.35,78.75,73.19
21.2,92.27,68.9,74.04,64.37,74.1
27.5,86.36,56.71,96.23,62.8,67.56
11.1,99.04,85.89,85.98,61.32,80.04
28.2,57.78,99.73,55.58,96.48,85.46
6.5,61.28,83.1,58.89,55.11,72.67
28.4,60.59,49.59,89.36,100.0,69.1
13.8,89.63,57.11,91.79,65.44,71.87
7.5,59.35,46.42,77.26,60.16,58.57
17.1,53.33,79.35,77.72,83.51,81.1
11.4,99.93,88.81,81.6,58.9,83.13
12.1,51.24,50.26,71.96,84.44,59.1
12.7,91.76,94.11,84.01,97.57,90.12
25.1,68.27,80.86,55.42,55.72,75.07
18.5,92.08,86.95,98.06,95.87,90.89
12.8,77.73,100.0,87.51,74.97,89.82
20.3,95.08,51.11,81.56,62.86,65.11
22.9,96.31,100.0,65.82,62.75,86.0
11.8,50.45,51.11,58.05,99.42,58.27
15.3,53.77,68.17,70.47,59.76,66.13
8.0,62.52,93.49,83.08,98.32,87.44
9.5,83.47,97.23,81.69,82.11,86.35
22.0,94.41,76.98,69.13,56.1,74.36
9.5,73.0,78.5,80.66,78.06,79.16
18.1,80.35,87.92,90.69,96.31,86.24
22.7,59.42,96.78,51.31,89.39,83.53
7.7,90.25,49.6,72.53,78.79,61.13
19.2,98.37,94.36,87.93,98.28,92.69
11.4,63.43,72.3,77.31,60.66,70.65
29.1,74.74,75.77,82.57,100.0,83.62
17.1,54.31,70.56,75.83,96.87,75.92
25.1,77.96,78.08,99.59,91.39,87.31
18.8,75.14,100.0,52.73,94.05,86.82
6.1,57.22,74.72,74.55,81.66,72.45
20.8,72.1,100.0,54.57,87.03,85.51
28.8,66.71,59.46,57.99,81.51,66.93
20.0,76.09,89.45,69.15,71.92,81.67
25.5,79.28,96.38,57.78,81.91,84.97
27.1,50.42,88.88,98.18,68.76,86.59
10.7,88.05,79.63,97.34,77.85,80.83
10.3,85.65,76.98,66.81,68.05,73.98
20.3,68.31,97.75,81.99,61.06,85.19
15.3,52.65,93.89,76.69,70.69,84.83
26.0,87.75,55.14,90.78,98.05,73.8
27.5,97.76,99.17,81.37,73.93,91.25
13.8,62.01,68.98,50.01,90.4,71.68
10.9,66.18,58.49,88.16,64.05,66.72
24.5,59.19,99.54,87.34,76.46,88.87
11.9,78.85,69.49,75.49,60.27,69.91
25.6,57.74,96.18,95.15,62.64,90.26
15.6,67.81,60.48,95.42,86.6,73.26
21.7,84.85,46.75,76.2,84.94,62.52
7.4,78.01,71.95,80.4,65.49,70.55
20.6,69.32,52.19,99.83,79.71,66.98
16.3,71.01,90.15,64.94,97.07,82.56
19.7,78.11,62.47,66.23,62.68,65.42
9.2,50.29,69.38,59.14,54.51,62.82
23.4,53.93,52.24,94.79,88.29,67.46
26.6,94.06,65.18,87.22,57.9,74.52
10.4,53.89,90.01,55.28,100.0,83.5
7.4,85.34,51.32,99.09,86.43,68.98
5.6,96.0,80.51,86.55,78.71,82.5
21.0,63.53,100.0,92.53,77.05,94.5
20.2,68.52,86.85,52.41,81.79,80.09
18.7,78.45,94.27,75.25,59.04,83.99
10.8,94.09,49.78,84.93,100.0,66.69
14.8,97.1,59.48,77.15,85.91,68.63
19.9,86.98,99.64,83.33,64.2,89.75
17.4,54.33,88.13,90.89,83.58,85.85
29.7,83.46,87.28,68.72,60.78,83.25
8.4,70.52,82.35,92.43,56.43,79.98
22.4,73.54,71.57,58.15,85.02,72.12
15.1,52.46,47.2,63.54,86.23,58.53
15.7,59.55,91.78,52.17,82.31,80.84
22.9,89.53,87.59,68.22,63.26,82.6
22.3,72.7,75.06,69.0,84.31,73.4
29.8,65.08,100.0,90.26,58.25,89.79
8.2,69.2,62.63,82.66,85.42,71.86
7.6,92.72,59.94,71.84,82.01,66.7
23.1,87.45,99.3,82.61,87.72,92.13
19.5,63.62,93.67,52.64,97.93,83.12
11.9,55.88,74.47,59.01,96.06,72.27
7.0,62.6,49.94,81.35,100.0,64.88
7.1,96.04,55.03,82.07,100.0,66.06
27.4,79.08,87.59,88.71,93.94,88.93
9.8,76.67,66.04,70.15,100.0,71.81
13.1,79.82,94.12,86.13,98.53,90.69
10.7,68.3,100.0,84.2,91.43,91.48
13.9,90.36,92.51,98.17,59.66,88.81
6.7,76.16,64.66,60.76,56.1,62.51
18.0,55.84,92.72,77.58,96.53,85.4
6.7,56.45,63.1,80.09,79.29,72.68
25.0,76.84,57.53,99.93,96.73,74.23
10.8,96.83,45.24,60.06,69.25,55.72
18.5,65.42,68.69,76.16,74.45,73.47
27.0,93.48,100.0,67.31,89.05,94.4
21.3,88.2,60.73,76.29,100.0,71.14
18.3,62.39,57.88,61.61,58.09,59.86
13.1,51.82,100.0,52.38,96.21,82.84
13.3,55.09,45.49,78.63,94.37,64.07
21.7,86.42,93.66,66.79,69.79,82.73
29.9,59.98,68.25,59.1,71.31,70.02
21.5,68.56,48.7,66.2,56.29,56.5
18.9,75.08,100.0,52.46,53.94,79.94
23.3,86.27,55.37,97.52,79.7,70.92
16.6,55.66,78.09,79.06,59.52,73.69
6.5,70.32,58.39,90.74,65.14,65.38
19.1,74.25,49.64,71.16,96.61,67.67
28.9,77.04,51.67,95.17,84.26,70.88
9.4,90.92,49.75,74.17,86.13,64.23
22.3,58.58,50.97,78.7,64.09,64.02
10.0,90.39,88.63,74.59,95.91,84.26
18.4,84.64,74.65,86.66,98.6,79.96
7.4,77.79,62.79,78.33,80.87,69.25
16.3,84.98,69.99,63.58,99.44,73.92
23.9,70.6,100.0,57.28,95.68,87.63
13.7,56.92,98.76,80.31,91.39,89.92
21.6,83.29,89.42,74.46,91.17,84.7
24.9,76.23,100.0,54.8,58.56,84.35
28.2,81.97,67.64,69.78,67.73,71.44
10.9,66.9,66.14,75.74,57.88,65.39
15.0,95.34,81.32,91.34,55.91,76.17
8.8,79.37,80.06,53.81,61.15,69.74
29.8,54.27,77.84,67.42,98.07,82.75
28.2,72.49,72.5,91.13,67.46,77.75
18.5,87.82,100.0,82.42,100.0,95.25
26.1,89.71,97.1,64.5,83.73,84.48
18.0,74.73,71.5,92.27,67.4,74.47
20.6,94.74,89.82,74.66,79.34,82.79
7.2,63.38,58.33,74.92,65.45,63.08
23.9,70.53,53.18,98.83,100.0,76.67
8.2,94.93,63.61,97.36,98.2,76.46
25.7,94.81,71.89,67.93,55.39,75.95
24.6,84.29,48.37,57.03,100.0,61.78
22.7,92.95,95.7,66.28,90.03,90.82
5.9,54.44,63.32,51.52,57.21,64.01
12.6,93.25,78.61,51.04,86.59,73.94
11.6,66.03,47.92,69.78,86.54,59.02
14.0,58.92,54.7,97.05,66.76,64.42
7.2,61.97,95.54,93.57,93.53,89.26
28.4,70.9,85.04,75.57,58.88,81.23
18.8,62.56,100.0,78.26,79.17,93.54
12.6,66.03,100.0,50.3,53.52,78.31
14.9,56.75,66.78,60.78,100.0,70.08
16.2,64.81,62.79,51.24,90.65,62.19
20.0,78.61,97.5,87.73,63.2,88.62
17.9,72.09,100.0,57.28,70.52,85.63
28.0,67.34,86.18,93.45,63.64,86.37
17.4,87.32,92.93,82.17,93.26,90.15
29.8,94.68,95.84,61.47,56.63,85.89
26.3,87.84,69.21,57.89,95.49,74.59
10.2,66.6,77.52,81.38,100.0,79.36
28.3,87.22,98.47,95.04,89.53,93.98
7.9,57.6,83.66,85.92,65.81,75.54
25.4,56.52,48.89,67.43,72.05,59.48
14.5,67.28,64.55,79.37,78.62,70.2
26.9,90.39,56.74,65.54,84.16,69.66
26.7,62.32,61.99,99.96,89.43,75.88
25.1,53.16,100.0,87.44,82.96,92.22
24.8,56.59,49.65,80.72,72.41,64.12
12.6,92.94,56.97,71.16,98.82,67.25
7.0,81.69,60.67,80.91,58.92,67.42
15.1,62.66,81.54,67.08,77.33,80.62
9.3,77.76,74.84,51.44,91.87,75.64
22.4,76.38,59.82,69.75,57.22,65.71
13.7,82.77,53.96,96.52,91.06,70.58
29.4,61.66,63.03,81.32,95.87,77.11
21.0,93.22,76.45,54.2,86.29,74.72
25.6,65.47,63.95,94.25,56.3,73.69
8.3,84.71,99.35,63.44,62.82,81.84
26.6,50.81,75.81,62.19,70.84,73.11
28.1,68.63,51.96,64.85,65.57,64.09
17.2,67.59,88.92,78.86,100.0,84.77
20.2,77.17,65.79,77.23,87.21,72.77
24.1,53.64,86.44,74.57,69.32,78.33
9.4,89.51,59.6,85.88,100.0,75.17
17.6,60.89,79.52,65.83,90.98,79.77
15.0,83.85,90.83,89.1,69.58,86.52
8.7,90.16,98.29,58.77,72.47,84.78
14.2,78.09,59.93,89.13,65.32,69.59
6.7,87.04,62.1,83.19,100.0,74.26
5.6,83.09,69.54,84.16,80.91,72.46
8.4,67.78,98.15,74.08,99.24,89.91
29.1,90.44,100.0,83.35,72.32,94.96
18.7,64.74,51.0,53.99,96.28,63.11
29.1,78.56,56.65,92.58,58.24,65.35
15.8,87.27,74.47,52.78,100.0,72.87
12.8,68.95,50.24,57.44,99.05,58.66
17.7,65.14,66.04,78.84,72.89,71.27
16.0,72.97,53.7,86.97,93.96,64.49
7.6,90.9,80.44,53.81,90.84,71.33
21.0,96.5,100.0,96.04,100.0,99.66
10.4,77.25,100.0,98.68,71.28,93.18
20.5,83.07,68.66,80.3,78.1,74.69
21.3,95.16,82.33,74.06,97.69,83.99
8.8,54.93,94.02,87.07,94.15,88.09
6.5,61.6,49.0,66.42,73.66,59.39
24.5,85.45,88.72,74.66,96.77,85.68
16.5,91.19,69.48,95.81,58.1,75.76
6.5,92.85,54.32,97.78,94.97,70.42
29.9,70.76,73.14,96.35,66.12,77.79
6.4,54.47,46.48,63.12,68.1,57.02
22.4,71.89,88.44,61.62,78.36,80.48
29.6,61.54,64.04,64.88,76.38,71.39
11.0,64.56,61.98,72.07,80.35,67.36
8.6,88.61,49.84,65.71,81.18,63.2
8.0,53.78,94.28,68.71,70.7,79.79
12.6,91.38,73.39,81.03,63.62,72.56
7.5,71.38,76.58,88.13,93.71,77.45
22.3,79.8,80.86,86.78,75.21,82.33
6.6,54.48,66.61,90.72,80.73,74.94
17.7,66.87,56.86,51.61,85.33,65.23
29.9,54.49,93.68,52.39,98.62,80.72
25.3,98.08,55.21,89.47,90.75,72.33
20.4,90.36,52.35,76.65,56.87,57.09
12.7,72.98,86.42,78.91,96.66,85.38
20.6,61.18,58.71,52.63,100.0,67.35
18.2,96.67,63.87,62.77,77.39,68.58
15.7,67.23,73.22,81.92,100.0,78.21
8.3,58.05,69.45,92.96,82.95,74.82
27.2,78.16,90.67,95.85,78.73,88.74
16.2,97.19,82.27,75.02,71.07,80.64
9.9,50.19,81.63,77.27,87.52,78.16
14.2,61.91,87.1,91.65,66.99,85.06
15.4,96.92,62.18,76.88,59.86,67.91
25.7,58.55,67.05,75.84,55.91,68.61
23.3,55.66,73.27,95.25,70.34,75.41
24.2,78.51,65.71,89.5,75.16,71.3
5.3,93.09,100.0,95.45,83.33,94.94
15.4,73.86,93.46,60.91,68.29,80.81
17.0,99.73,54.98,76.22,100.0,69.46
5.5,83.96,41.99,92.12,70.12,62.46
11.5,53.7,46.02,55.56,75.38,53.5
24.0,99.64,61.84,89.73,60.54,70.9
8.4,70.39,49.38,59.15,66.58,56.03
18.4,64.37,77.52,90.41,57.84,77.87
10.4,77.89,94.6,80.6,82.82,90.45
5.3,65.22,85.8,59.66,91.13,80.61
11.0,54.32,56.24,73.67,64.21,63.39
29.4,50.07,72.78,84.1,73.45,79.72
25.0,72.48,77.97,81.69,55.73,77.3
29.0,91.84,97.31,71.36,96.26,92.36
17.2,78.62,95.51,94.97,94.7,92.07
7.7,99.96,96.89,75.96,57.72,82.65
18.7,64.34,76.16,75.29,72.76,78.08
16.4,64.02,86.58,53.11,100.0,80.62
26.1,57.99,54.54,96.11,75.37,69.6
7.5,58.2,76.17,58.86,79.84,71.25
17.2,64.26,60.08,76.42,72.35,64.35
8.8,89.64,68.54,90.18,85.22,73.52
13.1,95.29,81.97,60.77,100.0,80.04
23.4,98.75,62.44,76.37,100.0,72.91
16.9,61.61,48.2,62.03,92.46,59.63
14.4,94.06,44.93,87.98,75.5,62.23
14.9,66.41,45.8,78.22,79.41,59.06
16.5,55.64,45.45,92.8,73.41,60.32
24.6,93.5,54.0,94.73,100.0,69.89
27.3,81.81,62.56,82.44,90.34,73.76
28.9,58.24,61.94,86.27,77.63,73.51
24.7,71.49,100.0,77.46,55.26,85.36
12.9,64.36,62.23,69.22,80.17,66.98
22.2,86.84,54.31,82.41,100.0,70.53
15.9,72.67,77.5,95.41,81.87,79.41
11.4,99.46,94.9,70.83,63.37,86.88
26.0,52.74,88.48,65.72,55.04,78.71
6.0,67.75,59.56,69.42,71.91,63.54
27.5,74.1,81.95,71.77,100.0,82.77
16.5,75.16,87.84,53.68,100.0,77.6
20.9,65.8,89.96,74.92,100.0,88.35
21.5,86.46,86.44,74.72,90.95,82.79
27.4,93.74,100.0,79.42,82.68,92.7
20.9,96.94,98.48,68.14,83.62,90.41
20.3,90.25,80.83,80.66,81.79,84.43
6.7,92.53,67.8,93.91,90.98,74.03
18.0,77.53,83.89,97.77,76.81,84.32
8.8,91.29,91.73,79.18,88.21,88.58
23.4,65.18,47.36,52.13,59.21,56.27
17.8,69.92,100.0,98.46,69.19,93.96
22.0,65.85,57.57,85.29,96.92,69.07
6.0,73.37,70.01,66.8,99.2,71.25
7.1,64.28,94.45,57.36,80.39,80.66
22.9,98.08,60.37,57.17,55.01,62.58
6.8,65.64,70.65,58.39,99.85,67.43
6.8,54.9,49.99,52.28,88.24,55.7
5.3,76.34,65.29,95.11,76.41,74.98
28.9,52.85,59.3,77.04,84.54,69.79
23.4,55.53,68.84,85.0,76.59,77.19
13.8,60.97,66.55,91.41,78.75,73.79
12.4,73.22,100.0,89.58,99.71,92.05
13.7,71.66,100.0,94.13,63.7,93.05
24.4,89.98,54.21,98.36,61.08,69.76
21.5,86.97,90.01,71.95,54.46,83.87
9.6,71.32,45.98,97.52,71.55,60.61
9.4,66.69,44.63,86.16,62.54,60.45
7.5,65.82,48.57,53.53,64.21,56.16
21.5,88.7,100.0,84.09,55.61,90.47
24.1,52.6,100.0,84.34,66.42,88.53
11.6,50.64,55.12,95.29,72.36,66.52
5.5,89.78,51.35,68.65,55.7,59.46
7.1,73.86,56.56,79.25,85.16,66.32
29.2,56.54,79.69,50.61,81.48,76.48
12.4,61.78,77.9,66.6,58.85,74.31
24.2,96.63,60.56,53.11,82.94,65.44
20.6,92.98,91.58,76.09,100.0,86.51
14.5,85.49,62.92,90.87,100.0,74.78
10.1,74.11,98.36,60.32,53.75,81.1
8.0,76.02,81.8,76.37,94.35,81.49
20.4,98.76,72.3,60.2,71.29,70.47
24.4,98.29,94.71,56.03,56.54,84.63
21.1,60.76,95.4,75.55,69.33,88.57
18.3,90.56,62.92,53.96,69.33,65.35
6.0,59.86,62.18,79.37,80.92,67.78
29.2,60.68,100.0,51.57,86.14,85.63
25.0,83.8,57.38,55.34,90.77,64.79
12.3,70.25,46.22,77.5,66.95,58.05
29.5,96.58,76.09,79.57,70.86,82.33
20.0,54.45,94.07,51.45,68.51,80.02
19.6,75.58,92.18,78.67,72.86,83.2
23.7,95.93,100.0,91.93,100.0,97.34
25.3,95.21,79.58,86.12,94.07,86.0
21.4,57.83,52.42,56.56,100.0,62.6
8.2,68.33,77.78,79.62,89.44,80.43
13.5,80.96,90.75,83.61,75.33,86.76
28.2,57.97,54.06,51.86,72.6,58.91
10.6,98.4,53.54,92.77,80.0,66.93
14.3,95.74,45.03,95.31,76.56,64.48
15.8,58.35,80.36,92.52,96.97,80.1
16.0,56.06,98.0,91.23,78.72,91.0
20.3,54.27,86.33,87.25,70.02,79.81
28.6,95.47,100.0,81.67,93.64,96.94
11.0,59.68,47.08,83.93,97.76,64.82
8.0,70.81,96.58,90.32,76.44,89.4
9.9,72.44,91.81,83.12,88.38,84.93
27.2,79.95,67.01,66.39,56.92,69.98
21.1,53.59,100.0,68.8,80.6,87.13
12.1,61.34,60.91,94.85,57.94,66.69
25.4,96.57,100.0,50.86,54.51,83.8
26.5,95.42,100.0,84.94,85.75,95.76
26.2,89.06,93.32,97.74,71.03,91.53
28.0,50.97,82.21,85.31,92.25,86.79
11.3,66.35,50.59,99.7,100.0,70.03
23.9,81.4,79.09,84.38,62.03,80.84
16.5,63.76,66.36,51.72,89.33,64.43
26.0,95.48,95.33,91.35,81.21,92.09
23.2,81.69,92.45,64.23,59.46,80.5
24.4,53.6,100.0,72.3,86.92,89.66
21.4,95.45,47.31,65.6,84.41,60.31
9.4,97.89,91.37,63.43,79.59,81.54
18.6,53.89,100.0,71.57,100.0,92.26
29.6,76.62,96.24,68.94,80.19,89.39
28.4,65.17,56.33,81.67,100.0,72.95
6.1,69.64,46.71,90.66,80.9,59.02
9.1,58.98,43.98,64.85,59.68,53.49
8.3,78.9,80.21,60.69,77.16,76.31
23.1,97.9,84.71,83.34,64.12,86.01
25.4,75.15,100.0,83.52,84.87,90.14
10.3,54.15,66.97,95.06,90.36,74.08
17.6,81.0,65.19,50.8,76.47,68.12
26.0,67.01,85.27,92.65,60.45,83.71
23.3,92.8,96.53,76.05,77.99,87.7
18.6,71.73,100.0,81.07,58.93,85.59
19.8,59.64,94.13,54.57,87.38,81.21
17.7,59.56,70.91,71.63,93.82,71.04
12.4,88.44,81.81,61.37,100.0,79.14
19.1,63.28,97.11,62.71,61.2,85.06
22.2,88.36,76.1,75.2,81.13,75.94
26.8,60.29,61.04,90.62,83.82,73.58
20.9,66.08,56.45,87.19,100.0,72.53
24.0,73.27,47.21,79.55,86.13,63.91
9.0,97.16,85.79,76.97,61.9,76.87
16.5,96.59,51.62,71.37,76.1,64.06
5.2,60.34,56.19,98.64,88.66,68.78
11.2,67.91,61.23,78.01,89.69,68.77
23.2,57.47,80.58,62.7,96.91,77.8
29.8,75.5,72.82,61.5,62.72,72.86
7.5,73.03,82.73,80.57,100.0,82.67
15.0,95.04,47.84,76.14,57.53,64.4
25.0,96.5,54.94,50.38,100.0,65.28
10.1,69.18,72.98,91.5,98.38,81.54
18.9,74.59,65.89,85.21,88.12,75.03
23.3,94.81,64.74,83.09,91.74,75.16
20.4,90.34,50.14,53.44,56.84,57.72
9.7,50.18,96.65,68.1,56.16,79.19
13.9,66.0,85.68,96.77,60.9,83.59
24.6,71.09,54.68,93.13,59.96,64.0
18.9,61.49,49.57,64.28,81.23,58.73
5.1,59.98,100.0,57.85,64.24,81.99
24.0,51.89,88.07,72.45,97.36,86.87
5.9,82.17,66.82,67.79,76.36,71.04
23.6,63.13,89.18,84.11,89.83,86.64
10.1,52.62,88.41,98.32,88.54,86.8
29.0,61.55,95.5,68.15,70.08,87.97
14.2,90.1,72.93,53.11,65.35,66.9
13.2,92.57,69.75,94.88,72.81,77.2
8.7,74.15,43.27,51.9,92.94,53.1
12.6,70.8,99.37,97.64,85.17,92.75
26.9,98.89,84.27,83.23,67.67,83.16
29.9,60.03,61.16,97.08,96.71,77.11
14.2,60.77,99.44,59.98,56.34,83.67
16.2,64.59,99.76,52.03,88.08,86.84
23.1,58.64,100.0,74.41,76.42,89.93
27.2,68.97,100.0,72.53,90.91,91.93
19.8,95.54,100.0,66.57,100.0,94.77
14.8,80.77,59.12,97.88,93.37,70.46
15.3,70.6,95.12,91.13,77.57,92.36
22.4,96.72,96.1,83.08,62.53,88.35
5.1,52.42,55.39,58.14,93.81,61.93
20.5,60.51,52.06,86.72,78.24,65.28
13.9,78.29,100.0,86.35,58.95,87.67
24.9,80.78,65.23,71.25,90.22,73.75
7.3,51.98,94.44,96.24,70.36,88.83
19.7,70.15,46.16,58.35,55.94,56.07
17.0,82.46,46.36,63.37,98.94,59.9
21.1,84.9,74.28,53.16,77.35,79.1
6.6,81.91,56.3,89.77,69.44,68.58
19.5,66.03,87.24,81.09,90.69,86.72
19.0,54.68,79.63,65.75,98.24,77.55
19.0,71.36,50.35,58.19,53.51,55.9
20.1,56.44,55.79,52.01,87.51,61.44
21.9,97.38,69.85,58.34,91.85,75.22
25.1,73.76,58.67,72.66,64.86,64.79
11.7,65.86,91.04,62.36,78.22,78.74
25.6,88.32,72.64,62.95,58.24,73.24
17.5,74.9,50.86,93.78,92.97,68.88
6.9,65.5,71.13,75.76,96.92,72.41
6.5,90.6,47.4,86.46,60.6,58.33
13.4,93.36,51.76,51.79,93.93,63.57
24.6,83.65,61.76,68.26,92.68,71.42
22.7,52.35,98.38,73.96,71.79,84.95
24.7,78.32,100.0,59.32,88.07,86.32
17.9,88.16,94.95,56.01,53.36,80.29
16.0,56.83,64.84,93.52,100.0,76.78
8.7,61.43,58.96,96.97,83.34,71.22
13.2,94.12,76.91,53.94,84.26,75.8
15.9,51.01,88.08,67.45,87.28,78.4
7.2,87.64,100.0,97.91,83.94,93.54
10.5,73.69,51.04,54.16,96.09,62.52
20.0,72.34,48.96,82.18,85.42,67.04
23.4,50.35,88.68,98.61,100.0,90.77
30.0,90.97,98.93,98.91,85.05,99.66
28.3,67.99,99.27,73.56,62.97,89.72
21.1,77.04,87.04,58.14,99.17,84.06
15.5,83.87,100.0,60.1,87.69,87.6
20.9,85.13,76.93,94.48,90.63,81.64
24.6,97.8,100.0,95.58,100.0,96.16
8.0,76.57,100.0,80.39,58.58,87.05
15.2,69.99,95.39,88.31,76.73,88.27
26.0,97.69,66.39,87.0,67.17,71.63
14.6,82.11,56.15,83.09,86.51,66.26
19.3,64.91,78.68,91.36,95.82,82.25
19.7,56.32,73.09,84.27,100.0,80.01
9.6,92.13,95.55,76.7,77.33,86.54
14.1,68.11,50.23,61.85,93.02,60.81
13.4,83.02,59.48,87.19,100.0,70.17
5.7,73.54,86.82,73.67,88.59,81.11
5.6,59.95,47.38,64.74,66.02,57.76
25.8,80.08,66.99,90.1,85.8,77.35
11.8,53.03,66.77,84.84,100.0,71.08
18.0,70.67,82.76,96.87,100.0,84.22
12.5,77.33,53.24,58.27,85.62,62.29
28.5,71.8,100.0,82.46,99.3,94.34
11.5,87.43,70.3,62.21,63.75,68.84
15.7,91.4,99.73,95.18,68.01,91.22
26.8,88.56,76.11,54.97,100.0,78.16
26.0,51.94,64.3,82.81,61.73,69.92
9.7,59.71,51.42,89.55,64.93,62.45
25.1,76.83,47.75,67.75,75.1,59.5
16.5,96.74,76.88,97.71,85.34,84.59
17.1,91.75,51.56,92.54,85.74,67.88
8.3,92.13,65.99,64.73,68.48,68.46
7.0,65.16,77.46,50.38,99.05,70.35
23.2,71.47,63.5,64.83,99.64,74.24
17.4,73.54,55.73,64.07,73.44,65.4
15.9,57.87,91.25,94.5,77.38,83.74
23.2,51.55,100.0,98.36,91.02,93.66
24.1,97.35,53.26,53.52,86.36,64.1
9.0,62.04,52.04,73.56,73.52,58.48
20.3,62.0,100.0,77.42,75.36,89.17
8.4,54.17,44.79,54.65,70.68,53.5
23.8,96.43,100.0,68.87,65.9,88.48
21.4,78.99,46.7,65.85,76.86,60.82
28.9,83.35,100.0,76.8,88.93,91.83
6.7,95.58,60.45,83.06,92.08,66.09
6.4,67.28,98.24,85.17,94.05,91.64
12.1,81.08,62.65,56.84,72.15,66.42
11.5,51.94,82.71,90.65,93.67,87.43
11.2,59.34,48.16,83.93,55.37,55.07
27.7,91.56,62.85,94.45,79.52,77.23
11.2,88.34,89.78,72.47,94.05,80.9
11.8,67.53,75.26,94.69,87.18,82.85
24.0,68.84,100.0,93.29,79.3,94.72
16.2,76.68,70.59,71.92,86.55,72.0
24.4,50.01,99.51,69.06,99.49,91.77
6.6,62.06,68.92,96.64,84.12,74.08
17.2,60.41,100.0,85.76,95.14,93.09
5.8,62.52,99.33,96.41,100.0,93.26
6.6,90.3,61.73,89.85,90.67,75.14
27.7,63.98,100.0,80.46,83.5,95.6
8.5,59.58,93.41,55.79,55.22,76.36
18.3,75.21,58.13,64.57,72.59,66.5
15.3,93.28,82.05,98.44,84.18,85.96
13.7,62.07,48.47,65.97,93.82,57.92
27.5,53.93,98.45,54.66,75.19,83.78
5.5,67.82,52.12,85.38,100.0,70.1
21.6,87.38,50.73,86.7,68.79,66.17
29.1,77.53,72.74,64.27,91.09,78.05
19.0,90.84,80.32,64.88,74.84,77.06
28.4,97.98,99.82,73.44,78.71,90.82
6.3,89.63,100.0,51.09,93.2,85.1
15.5,80.19,71.02,89.47,70.18,75.17
11.5,74.67,47.08,65.85,58.79,53.43
23.3,52.0,91.94,92.69,81.57,86.92
29.5,99.22,82.76,90.13,81.85,87.83
11.4,69.17,70.29,83.07,94.84,74.8
21.4,57.61,64.98,66.24,100.0,71.25
10.0,83.34,73.14,75.82,57.32,72.44
19.1,64.21,66.05,72.24,83.91,71.68
16.6,79.29,90.4,66.94,88.08,85.88
29.3,79.34,81.42,92.41,100.0,85.23
20.2,72.29,98.67,74.18,100.0,92.2
13.7,91.81,76.72,91.64,91.12,82.96
7.9,63.25,56.67,55.26,79.41,62.24
8.8,72.43,93.71,57.05,61.5,76.5
10.6,76.88,76.61,98.87,75.14,80.48
11.3,83.18,55.8,79.39,84.02,69.7
26.3,89.2,85.3,75.49,90.79,84.84
19.0,69.74,67.16,76.16,86.34,73.83
18.1,82.3,96.09,60.76,89.36,87.57
7.9,57.53,69.57,85.94,76.62,70.72
26.5,96.63,91.54,54.24,89.63,87.93
23.1,69.15,52.66,78.67,61.91,64.67
6.7,86.48,65.77,78.54,62.84,69.72
22.7,51.02,100.0,95.71,63.88,88.54
18.6,60.26,94.09,76.31,99.12,89.7
7.0,74.35,51.7,56.85,57.21,56.95
16.5,93.91,61.62,78.64,94.8,74.99
17.1,76.36,64.92,54.57,64.95,64.67
9.1,96.49,81.75,60.19,77.03,74.26
28.6,74.19,94.0,51.56,98.89,84.42
26.2,74.52,92.83,75.66,83.84,86.75
21.7,55.99,77.1,54.23,63.76,69.39
16.6,90.13,93.63,73.47,68.61,87.51
15.3,62.35,70.81,96.65,100.0,81.8
21.3,94.98,53.82,85.99,76.52,67.75
18.6,95.54,79.45,53.87,82.58,75.1
6.6,97.17,99.12,61.21,76.67,81.74
17.8,76.01,92.92,83.68,73.94,88.16
25.2,83.85,82.28,94.74,66.84,87.23
16.5,88.93,83.76,51.65,87.41,76.39
6.3,56.55,97.72,90.62,91.35,89.6
24.7,80.05,73.11,78.09,68.43,76.78
10.0,51.71,62.88,77.3,94.09,72.6
11.5,74.88,100.0,97.89,98.6,95.25
9.1,57.74,94.54,87.38,100.0,89.31
13.3,59.15,63.37,92.51,63.61,70.53
23.9,68.25,75.0,67.7,69.26,71.77
18.0,71.62,70.3,77.72,97.68,73.32
10.1,81.16,51.98,80.77,64.78,60.87
26.9,53.72,100.0,66.08,54.13,87.63
27.0,75.18,72.36,78.51,98.25,78.39
26.8,59.13,100.0,61.83,70.03,85.85
11.0,78.7,54.66,57.17,74.15,59.3
16.3,81.87,77.76,68.7,76.44,75.89
29.6,77.84,50.32,86.96,97.63,72.55
24.3,86.91,93.14,95.81,72.64,90.46
5.7,66.78,76.56,72.89,98.98,74.8
6.6,88.26,79.52,82.14,85.78,79.33
16.6,71.64,48.08,55.15,79.67,60.94
27.7,74.21,60.97,95.22,71.99,72.49
18.5,82.41,50.01,78.43,66.9,60.38
17.4,50.92,62.55,89.02,86.54,70.94
7.6,82.7,79.93,89.72,77.72,80.27
21.4,80.93,80.39,62.82,99.3,80.98
25.6,65.49,84.41,76.46,79.17,84.25
14.5,54.29,77.31,98.02,81.47,78.64
24.4,54.55,63.7,54.48,74.11,64.1
29.1,96.16,63.4,84.15,94.51,75.57
10.1,84.46,51.25,98.11,77.13,68.05
18.1,56.36,96.37,65.03,67.37,81.27
12.2,67.84,80.65,93.07,98.68,82.31
24.8,79.62,58.63,96.68,85.64,72.54
19.4,91.78,56.45,87.35,84.82,71.96
20.9,52.18,98.65,61.57,84.23,87.26
24.9,61.83,92.03,66.7,89.94,87.12
14.9,94.49,84.03,51.79,68.76,78.23
27.9,50.46,72.78,91.57,57.18,75.9
18.3,60.07,61.21,92.48,96.08,71.17
8.9,97.95,100.0,81.64,61.35,86.11
22.4,80.67,94.55,67.63,90.15,83.92
24.8,63.08,65.55,53.84,57.35,64.53
12.9,53.35,94.72,87.65,74.03,86.07
26.4,51.41,93.46,86.33,58.33,87.88
27.7,62.24,66.13,95.63,81.85,76.83
11.9,94.07,69.16,86.53,87.85,75.06
29.6,70.8,60.04,91.43,64.06,71.32
8.5,86.02,49.21,87.3,73.82,61.11
10.1,95.91,86.4,81.53,100.0,87.2
9.6,70.4,58.93,71.35,76.4,63.5
27.3,59.56,97.39,95.11,95.84,92.57
21.4,75.86,100.0,82.55,100.0,95.34
8.8,95.4,47.24,69.92,100.0,62.98
16.0,90.22,73.18,54.17,98.17,70.32
20.4,53.29,94.24,64.54,69.74,84.51
7.1,84.63,89.47,77.19,100.0,83.71
27.1,78.59,93.73,63.78,94.45,86.65
25.1,95.37,68.47,61.06,95.52,74.19
17.6,56.12,72.51,76.37,55.34,72.79
29.2,76.7,84.46,58.49,100.0,83.09
15.4,93.97,100.0,90.02,94.3,94.29
29.6,70.5,68.53,74.22,92.85,75.03
21.7,74.1,100.0,78.69,58.8,89.41
20.9,53.52,62.43,57.37,65.07,63.93
9.1,63.91,100.0,66.23,100.0,91.43
27.0,66.23,88.32,70.5,79.26,84.69
15.7,97.26,72.52,90.41,75.31,76.23
9.1,64.13,79.53,88.51,97.31,80.25
5.3,73.04,57.94,61.15,58.04,59.99
19.0,83.57,62.15,80.81,75.7,73.03
18.2,58.11,52.27,62.17,72.52,62.82
23.0,74.32,53.74,99.41,73.45,68.99
27.3,86.93,69.05,97.61,71.24,76.85
7.0,93.34,87.87,78.16,65.19,79.08
23.3,81.31,83.47,84.95,63.75,82.61
9.7,83.45,49.07,90.07,87.42,69.36
26.5,56.31,99.08,86.05,100.0,95.03
25.5,97.29,83.73,84.99,80.54,82.15
18.5,56.63,100.0,97.93,70.78,90.97
22.8,88.73,87.05,79.82,62.75,82.02
12.9,63.24,54.38,81.82,96.42,65.41
16.8,96.68,73.47,92.46,100.0,80.93
25.5,86.0,86.56,83.49,72.47,85.7
16.5,87.69,46.65,86.65,69.75,63.84
13.9,60.95,45.06,61.71,83.77,58.87
17.4,72.15,52.98,68.56,92.88,65.4
25.7,80.89,62.81,57.37,76.21,63.88
13.4,88.5,69.79,75.29,86.02,72.0
9.3,55.2,72.04,72.79,90.2,72.72
22.8,98.12,55.12,99.86,100.0,74.65
25.6,94.51,88.08,80.56,63.08,86.25
7.5,63.52,78.02,89.32,100.0,80.56
11.0,91.14,60.97,66.7,73.61,66.09
8.5,75.92,43.37,91.58,91.65,62.67
13.7,73.09,48.77,80.75,83.46,62.45
16.3,65.72,68.39,84.85,79.42,74.04
23.7,79.05,56.35,64.72,88.78,68.52
21.3,86.49,69.0,77.43,74.44,73.83
20.5,70.55,83.84,81.7,61.21,80.44
13.8,81.46,76.97,79.45,79.21,77.58
26.0,84.97,61.67,95.76,81.85,77.55
16.8,85.56,65.67,94.91,65.79,71.77
29.5,52.6,85.69,98.55,100.0,92.95
20.9,92.99,97.92,83.37,66.37,87.71
8.2,72.91,87.65,98.6,76.38,84.18
21.9,63.12,79.77,91.62,63.25,81.76
13.1,62.09,65.67,63.54,80.6,69.68
22.2,74.15,68.56,71.37,69.66,69.08
6.7,94.34,94.78,61.92,78.18,80.97
9.4,68.92,45.17,50.21,64.24,52.69
26.4,87.49,100.0,59.4,56.25,90.42
10.7,54.84,83.07,50.2,91.97,77.3
25.9,73.8,88.64,85.99,87.21,87.26
12.0,99.58,45.88,71.28,71.32,54.59
21.1,88.52,82.66,65.63,56.31,77.28
22.4,60.53,75.81,88.09,98.57,82.0
17.8,75.07,51.69,91.62,63.99,64.56
12.6,61.68,60.46,98.76,100.0,72.12
10.3,70.48,96.51,82.1,78.86,87.77
5.8,89.0,74.74,73.08,71.4,71.59
12.6,88.56,68.58,65.26,91.01,75.29
21.3,61.41,50.75,61.12,97.51,65.34
28.5,96.11,91.4,60.65,72.18,85.35
26.8,79.63,90.21,70.46,74.6,84.8
24.2,69.0,84.1,99.59,77.64,85.16
24.7,75.1,78.03,50.04,99.12,76.23
21.6,80.25,72.51,59.86,88.22,76.8
11.5,77.99,79.05,59.42,65.95,74.57
27.7,74.32,62.31,85.86,64.4,71.92
21.8,75.25,100.0,67.62,65.58,89.03
19.0,58.82,81.03,72.86,67.55,78.24
7.8,90.64,61.01,57.43,64.96,63.48
16.2,77.09,71.84,70.25,87.15,76.04
16.5,56.55,93.29,55.16,59.11,79.9
26.6,88.31,57.68,76.65,73.97,70.33
18.7,96.62,63.18,54.9,84.54,67.92
14.5,97.37,85.12,89.53,69.91,83.26
29.4,68.45,67.75,78.33,57.96,71.32
7.8,56.78,89.89,86.2,59.26,80.38
15.6,75.92,52.51,70.93,60.56,58.03
6.1,55.63,87.59,69.07,95.93,78.98
23.5,96.7,51.15,54.91,86.18,60.44
28.0,59.18,49.16,76.19,57.8,60.42
12.0,62.64,97.49,75.73,74.09,89.14
26.5,70.33,82.83,73.41,68.33,79.85
12.3,69.16,64.8,87.03,84.12,72.8
27.8,89.73,62.3,91.63,81.64,75.67
23.8,72.82,84.15,87.54,79.31,87.34
25.1,58.54,78.07,57.19,69.16,72.76
5.5,63.36,100.0,81.1,61.76,85.78
29.1,75.46,100.0,54.02,90.36,88.4
23.2,57.37,85.06,84.73,99.07,87.79
12.6,80.58,70.35,69.09,100.0,76.61
25.7,78.29,77.18,56.62,56.33,73.71
12.0,85.74,84.55,93.1,92.59,87.92
26.8,96.89,54.13,80.7,91.17,70.18
7.8,95.61,62.04,67.74,100.0,68.9
22.6,97.3,51.3,51.54,65.74,61.52
18.5,62.24,49.95,76.87,91.72,64.96
7.4,56.58,53.97,96.16,58.5,62.84
11.0,65.11,72.42,79.82,86.35,76.73
5.3,94.75,88.68,98.58,73.45,85.68
16.7,98.6,74.14,56.82,91.86,73.74
12.5,92.97,63.88,78.42,97.88,74.39
20.0,55.5,50.94,89.91,73.63,64.95
12.4,97.37,76.74,76.28,80.86,78.25
12.5,71.17,60.03,54.55,59.14,62.25
23.6,50.47,83.98,79.14,75.6,79.83
6.2,72.12,100.0,80.59,72.88,88.5
27.6,52.3,54.96,86.44,64.35,69.29
26.3,77.19,60.62,88.06,100.0,72.96
21.7,66.93,74.9,88.54,62.71,78.09
19.8,73.67,100.0,83.17,86.78,90.6
27.3,80.66,94.5,60.79,98.16,89.62
9.6,93.44,96.77,70.21,99.81,90.32
7.0,83.1,62.12,88.81,94.99,71.45
11.0,71.7,100.0,97.67,64.67,95.12
24.9,90.97,53.64,53.95,94.11,66.25
5.9,95.28,44.95,76.78,68.44,59.45
19.6,55.99,97.22,65.63,100.0,89.13
29.9,76.6,100.0,61.27,89.13,91.88
26.4,64.23,53.36,75.29,93.78,65.35
18.0,52.35,52.21,80.3,59.07,62.28
6.6,83.43,43.97,50.49,82.17,54.35
25.8,93.14,54.01,89.01,96.4,70.86
20.0,58.15,58.57,90.99,98.54,73.04
7.9,90.62,100.0,98.28,57.33,92.9
7.3,92.67,82.26,59.03,100.0,77.34
27.7,95.72,95.02,79.73,56.95,87.84
21.7,63.26,93.08,71.33,85.01,84.34
25.7,95.2,79.81,66.74,88.67,77.01
27.0,66.03,95.95,78.28,60.07,88.56
19.3,77.62,81.54,89.12,57.75,80.38
17.9,52.53,64.24,51.15,92.32,66.37
15.8,52.19,78.41,98.47,75.14,78.88
12.9,86.02,75.88,90.49,60.79,76.91
15.9,72.22,94.18,87.56,93.38,91.91
24.3,62.81,100.0,88.02,97.74,94.56
20.0,59.52,70.66,69.45,83.54,72.99
27.3,83.5,93.99,87.58,63.31,89.37
16.1,50.02,50.82,69.34,54.92,55.89
20.2,90.29,92.67,94.94,90.74,92.87
20.8,53.96,68.53,58.86,81.04,67.05
19.8,59.57,48.3,64.62,86.42,58.6
22.6,69.31,68.57,77.57,95.31,73.54
10.9,74.24,79.91,65.96,75.67,75.11
17.8,67.75,52.5,71.21,60.5,60.44
7.6,66.04,97.72,74.62,100.0,88.29
14.6,98.2,49.04,92.82,82.83,64.85
17.2,82.08,100.0,76.16,85.33,92.44
21.3,51.17,88.82,68.12,100.0,85.56
28.8,71.51,68.42,62.39,100.0,73.83
20.0,93.75,69.45,70.43,82.83,72.97
23.6,65.07,91.53,75.79,69.43,83.56
17.7,54.73,81.4,87.31,100.0,82.68
20.9,87.92,86.57,56.05,87.4,78.02
6.8,80.3,65.39,61.08,74.08,64.35
11.4,78.52,72.69,68.98,82.13,74.73
14.0,52.68,100.0,68.02,74.87,86.64
16.8,57.02,57.88,69.59,98.6,70.15
6.1,81.13,66.9,89.68,79.5,72.38
8.5,60.39,60.06,66.21,95.15,65.3
11.9,75.2,89.48,75.09,96.52,83.98
29.3,77.24,94.63,81.2,96.09,91.08
13.3,64.18,61.54,61.61,89.81,65.06
17.1,97.42,50.01,85.93,97.9,68.25
9.9,92.12,43.66,77.36,74.0,58.75
20.3,86.12,71.74,72.34,60.07,71.8
12.0,53.9,68.22,90.49,97.55,77.91
10.2,55.31,100.0,62.17,78.64,88.36
17.9,74.64,73.56,94.16,62.02,79.4
5.1,58.04,56.92,78.05,60.45,63.23
5.2,98.91,95.03,80.46,62.79,86.42
10.5,57.93,72.61,93.75,93.18,81.45
5.9,74.37,77.72,90.88,90.99,81.27
7.7,68.21,48.05,80.08,64.99,58.11
13.5,81.97,67.02,87.66,97.61,76.58
25.1,56.45,100.0,71.67,68.36,89.31
19.3,71.52,81.16,77.37,94.29,79.75
17.8,63.74,66.01,53.1,77.63,65.96
12.3,94.39,81.23,54.49,89.85,78.61
28.3,52.03,100.0,91.47,74.56,89.56
14.9,95.69,60.91,52.98,70.54,61.52
7.2,91.65,72.47,58.47,95.58,71.94
20.4,64.88,100.0,89.79,57.16,90.65
7.8,89.46,52.68,50.06,100.0,58.03
13.6,51.56,87.26,64.12,86.26,79.39
17.7,98.34,82.18,79.2,76.37,83.61
26.9,76.33,88.85,79.77,86.19,86.94
17.3,65.16,66.26,88.86,61.47,73.5
22.6,68.13,65.61,75.3,80.22,70.72
29.8,53.32,89.99,75.47,100.0,86.06
8.3,99.47,55.42,86.27,66.94,67.56
11.9,51.96,68.75,74.93,90.61,72.71
14.9,82.75,55.76,80.42,76.58,64.26
15.5,72.14,45.15,94.89,88.31,63.0
15.3,97.45,100.0,70.07,64.44,90.42
27.7,62.3,74.21,69.26,77.68,73.88
22.9,76.6,100.0,50.18,100.0,89.62
20.2,74.12,54.48,80.67,64.6,64.2
12.7,85.14,79.05,51.49,84.91,73.95
25.6,53.4,59.74,75.21,83.29,69.44
28.9,59.69,96.07,90.21,83.66,88.1
25.5,60.73,94.67,77.5,85.41,85.76
5.0,86.91,48.26,63.48,78.92,58.11
20.9,59.46,100.0,89.31,56.21,88.29
6.3,78.67,53.57,63.49,98.81,64.64
11.4,60.76,80.2,86.65,96.55,78.31
6.5,93.08,100.0,80.51,63.54,88.77
20.1,97.11,98.97,58.5,74.17,83.99
22.2,75.92,100.0,95.26,94.25,95.12
7.9,67.62,62.93,60.03,100.0,65.05
14.6,61.7,50.71,99.48,100.0,72.54
16.4,52.49,56.22,50.37,97.99,59.69
14.2,63.43,74.29,63.17,61.71,70.29
8.0,82.71,89.99,59.99,99.32,78.84
15.5,76.68,53.66,50.7,96.96,64.65
23.8,97.2,86.72,86.62,74.05,86.8
6.8,69.81,61.45,84.67,74.81,68.46
7.0,84.69,62.57,89.62,78.38,73.55
13.9,74.47,83.89,62.83,86.58,78.92
28.5,75.63,76.57,72.22,67.37,77.45
21.7,63.39,95.23,82.96,56.13,86.42
22.0,72.75,55.96,71.99,61.38,65.18
14.0,73.54,91.6,84.87,77.1,85.04
19.8,85.33,49.79,81.7,69.0,63.27
5.3,97.03,53.23,55.73,91.57,62.46
20.9,66.47,85.64,89.05,60.67,83.23
27.8,52.11,99.64,86.03,100.0,94.15
20.3,74.81,61.25,82.79,99.74,70.3
26.8,77.22,67.67,57.75,98.9,75.45
23.1,58.42,79.16,63.4,90.78,76.33
8.0,88.02,55.09,69.66,59.53,63.12
27.6,99.25,96.95,64.0,75.75,88.41
6.7,97.29,88.43,61.39,60.25,75.31
18.3,59.86,54.21,90.27,100.0,71.98
8.6,93.77,70.41,81.91,71.56,73.91
5.3,85.22,88.08,78.27,83.97,85.06
15.6,72.69,64.92,61.3,92.65,68.75
12.4,77.03,81.71,95.9,100.0,86.44
17.2,92.48,48.17,59.56,91.35,57.51
19.4,74.01,82.34,89.75,89.12,83.25
6.1,68.66,50.99,98.33,79.2,63.16
8.1,74.66,92.26,86.35,85.45,85.83
19.0,78.96,67.03,99.64,60.69,75.9
13.6,59.45,60.97,82.55,99.15,69.72
23.2,95.05,97.41,60.87,80.84,88.96
21.3,83.71,49.4,60.19,55.62,56.49
26.1,81.66,71.63,66.23,99.97,78.23
22.3,54.97,68.89,50.36,77.49,70.33
15.7,80.21,61.8,84.08,98.47,74.66
21.8,56.05,100.0,63.43,96.65,88.36
11.9,53.93,88.63,90.76,96.24,82.39
12.7,76.37,47.65,67.96,57.15,58.12
24.7,70.14,90.29,74.0,66.79,83.52
16.2,79.44,76.5,98.28,99.68,81.69
25.0,54.46,100.0,62.11,98.68,88.4
25.6,71.55,66.46,86.06,78.06,77.45
26.4,58.74,82.37,87.76,77.27,80.97
27.9,99.36,78.42,61.05,62.42,77.14
15.8,78.06,74.11,75.05,100.0,78.09
13.0,84.37,71.27,67.51,64.71,70.08
19.6,66.27,58.22,88.6,64.87,69.41
14.3,54.74,89.63,81.12,87.91,87.64
20.0,98.79,73.08,73.8,66.57,74.38
22.6,64.31,100.0,88.97,100.0,94.3
22.2,71.19,62.31,61.76,54.26,65.92
14.4,82.49,85.28,87.68,55.55,83.0
9.2,51.23,99.2,93.27,80.84,90.02
15.8,90.51,84.55,93.93,80.04,84.72
8.6,76.83,94.86,89.18,63.52,82.16
27.3,63.91,97.84,70.4,78.95,87.12
13.6,53.08,65.69,99.09,76.53,71.74
8.9,58.12,78.68,68.98,98.66,78.07
5.6,94.75,51.06,81.93,55.38,60.46
21.1,84.3,78.46,58.05,100.0,77.39
20.9,62.5,60.1,99.02,87.16,73.63
13.5,53.28,88.67,85.2,62.7,80.35
6.8,84.53,73.72,87.67,57.6,77.02
15.2,78.62,69.23,53.29,80.11,71.13
12.8,70.23,59.97,88.17,67.03,71.32
21.9,68.18,100.0,88.74,70.38,92.87
20.1,60.84,50.33,83.59,67.28,63.09
14.1,83.48,46.84,64.6,86.39,62.63
10.4,98.53,56.16,74.48,82.15,64.77
29.7,58.79,100.0,55.52,57.23,83.11
16.4,79.86,100.0,73.58,80.74,88.22
22.2,71.21,85.96,62.19,93.29,82.6
8.5,72.33,95.36,67.45,58.11,80.18
17.1,62.71,57.97,58.13,97.98,64.88
5.7,91.26,100.0,61.5,82.61,82.89
17.6,74.26,53.85,53.83,100.0,63.84
29.1,77.17,54.8,96.0,63.17,66.87
14.6,65.24,51.11,76.52,100.0,63.2
6.0,59.09,76.19,69.84,86.4,76.13
5.8,54.3,88.6,76.75,82.98,83.41
14.7,85.71,66.41,81.41,80.64,73.57
9.0,59.81,100.0,96.09,56.95,89.53
5.6,84.5,67.75,58.93,100.0,68.74
23.9,69.52,56.2,64.78,86.09,64.25
16.5,70.79,72.91,98.79,60.51,76.53
12.2,73.46,84.4,68.56,55.16,73.51
27.5,68.39,98.18,51.13,55.61,83.26
7.9,55.03,69.9,57.38,83.91,68.09
28.9,65.48,84.29,51.32,83.78,76.79
12.8,83.19,59.88,99.5,80.95,75.39
27.2,83.29,86.91,63.94,69.18,82.4
20.1,64.31,100.0,96.18,82.36,95.12
25.7,73.01,50.65,99.79,81.81,68.54
29.6,59.67,100.0,79.99,55.77,89.3
12.2,60.52,77.4,51.66,67.22,71.26
29.0,51.15,63.83,54.08,55.9,64.86
14.7,94.84,100.0,74.08,99.45,94.78
14.6,60.54,73.38,70.31,90.48,74.04
13.5,61.38,63.95,80.31,100.0,71.23
18.5,63.98,56.44,71.94,69.43,65.44
8.9,56.37,57.34,96.7,99.72,68.4
18.8,81.96,95.61,76.74,84.75,90.26
18.5,53.76,82.41,84.69,77.74,78.59
24.0,56.71,100.0,94.82,66.82,93.44
25.8,82.24,61.66,57.34,90.36,67.29
16.0,66.98,52.07,61.49,98.9,63.65
12.6,85.4,44.15,55.37,65.09,55.65
11.5,77.87,73.92,56.98,62.19,69.62
9.9,62.8,100.0,75.63,89.35,86.58
6.4,82.54,83.62,66.06,100.0,77.95
13.6,55.81,62.58,71.16,91.77,67.22
11.8,76.82,96.15,99.12,70.18,86.62
29.2,71.86,95.66,57.84,74.47,87.29
18.9,63.39,46.59,77.04,73.84,60.7
13.7,80.2,93.12,54.94,95.9,81.14
19.5,93.57,63.88,65.92,92.53,73.69
8.5,99.95,51.53,76.38,84.03,62.56
16.1,80.39,58.41,97.33,69.59,70.96
20.7,70.24,74.32,69.56,100.0,75.71
17.2,61.26,70.65,53.25,85.86,65.89
15.0,62.85,61.83,69.41,100.0,66.71
29.8,73.97,59.27,57.29,82.45,65.86
27.0,68.36,93.83,61.5,94.75,88.22
20.6,95.69,100.0,80.9,95.51,94.37
19.2,68.41,92.43,53.37,70.07,80.53
20.5,68.67,63.91,73.24,100.0,68.54
10.0,69.18,57.69,80.47,55.93,66.26
14.9,91.83,57.53,71.09,92.71,68.15
6.0,82.54,50.0,50.96,100.0,58.49
16.9,80.71,78.15,99.28,72.91,84.02
18.6,66.71,81.9,68.36,86.51,81.44
10.7,90.9,85.54,88.93,83.45,86.52
29.1,51.92,89.54,66.28,92.06,84.08
27.7,93.54,65.85,73.75,97.74,73.61
23.1,75.64,66.75,69.42,84.32,73.99
18.3,69.91,86.38,67.13,94.83,79.69
26.7,74.86,68.98,51.09,68.68,72.36
8.3,83.37,55.25,68.0,65.51,61.58
24.8,50.64,69.9,94.47,77.2,75.12
8.1,93.58,58.76,84.52,88.96,67.18
24.9,72.34,52.77,57.27,62.8,57.83
11.9,67.15,93.38,79.56,88.79,86.77
26.9,56.91,99.26,94.61,75.38,93.22
28.6,71.97,61.77,85.0,94.88,72.08
8.7,74.82,46.5,57.43,55.29,52.78
16.6,70.18,89.31,93.39,89.0,85.39
29.5,83.93,61.54,65.08,86.39,71.3
17.1,71.04,68.74,72.7,100.0,74.19
26.6,98.07,51.83,76.31,90.25,66.99
19.7,79.96,59.49,92.53,95.37,71.09
14.4,90.37,91.89,96.58,100.0,91.04
12.1,55.47,91.89,96.48,89.54,87.81
10.1,69.86,55.46,50.4,67.53,58.8
24.0,66.84,67.35,96.09,99.26,79.28
14.7,78.47,52.46,52.72,90.54,62.14
17.8,93.06,49.79,63.29,75.02,59.86
17.3,53.92,100.0,75.75,90.08,86.33
19.4,53.63,85.16,74.0,97.82,84.57
26.6,92.52,80.51,80.24,100.0,82.81
29.5,60.64,94.78,73.97,100.0,88.04
15.2,83.44,94.96,96.72,72.07,90.04
25.7,77.14,96.11,62.03,74.8,86.45
24.1,91.64,48.22,63.7,59.3,58.35
19.3,56.25,57.0,96.04,68.14,67.85
28.9,56.49,87.96,53.84,97.35,81.31
10.0,77.84,65.55,80.48,72.87,72.91
7.7,97.32,100.0,84.09,86.08,91.19
26.3,70.75,87.81,75.28,87.82,83.42
16.0,66.35,100.0,84.71,94.17,90.48
26.2,80.33,59.95,58.64,62.66,64.4
27.3,96.52,100.0,92.63,70.8,94.96
6.6,91.85,61.26,57.0,75.84,64.7
27.1,99.77,100.0,70.04,72.44,90.69
16.2,51.13,54.32,53.76,100.0,60.38
17.8,55.64,76.32,77.26,96.39,77.5
20.7,80.47,93.78,83.49,78.99,89.87
28.2,91.03,74.42,97.06,99.78,82.59
5.5,64.26,69.74,86.97,72.6,71.5
16.9,61.96,100.0,77.06,93.91,91.86
22.2,89.35,72.18,96.63,66.98,80.49
23.1,52.82,83.17,73.92,93.06,81.37
22.3,68.47,49.96,78.06,77.5,62.91
8.4,75.29,93.05,79.8,60.16,80.6
12.5,78.02,82.64,70.5,67.89,78.35
14.0,86.43,68.44,91.92,75.63,77.81
25.1,67.74,48.5,59.26,91.02,65.97
12.0,80.63,79.1,77.74,58.31,76.6
10.3,79.27,43.85,86.11,88.15,61.41
28.9,77.38,48.74,95.2,91.51,67.6
5.2,82.02,78.53,94.2,88.35,77.33
29.9,62.97,60.31,75.44,92.56,71.7
21.9,54.23,58.08,82.16,63.84,71.05
25.7,55.96,86.91,69.71,83.54,84.86
12.4,61.23,46.94,73.41,100.0,63.66
5.4,75.01,60.42,95.31,86.26,71.36
23.4,92.02,55.99,96.54,86.36,73.25
25.9,85.06,82.58,94.77,92.51,82.69
23.5,89.45,86.76,56.92,70.08,80.99
8.6,67.55,85.85,92.5,90.57,83.54
23.8,70.23,62.45,97.42,100.0,75.48
24.2,69.68,52.61,68.06,54.62,60.5
21.5,59.59,51.17,75.93,98.07,64.92
24.2,53.06,72.83,88.95,66.27,75.1
26.1,79.55,100.0,78.1,77.49,91.54
20.3,99.46,59.15,99.67,98.6,74.92
7.2,58.34,57.56,72.79,95.57,65.82
17.2,52.33,51.21,85.7,99.74,63.85
6.9,88.98,78.4,89.63,100.0,81.32
15.2,62.63,85.35,74.71,76.84,78.34
15.2,91.48,83.14,92.85,88.39,83.96
6.7,85.2,93.68,77.31,74.16,84.83
13.7,97.28,73.3,70.58,71.77,70.85
7.8,70.45,50.41,55.39,74.9,55.35
25.2,83.1,64.92,69.67,91.33,73.71
28.7,73.24,88.36,86.7,80.27,84.78
6.8,81.53,78.83,96.06,96.46,85.8
28.9,72.48,80.53,62.58,91.01,82.01
18.1,59.43,86.41,67.76,55.09,76.73
12.5,75.39,81.99,57.7,84.97,74.81
6.9,76.43,94.95,84.54,76.9,86.95
17.5,90.53,80.41,98.01,78.71,81.31
24.9,86.78,94.19,82.05,95.84,87.49
22.7,83.19,61.73,80.85,82.23,70.84
6.3,55.67,82.58,77.67,98.94,79.77
6.8,86.03,96.17,54.42,88.91,83.29
15.1,75.02,67.67,86.48,82.83,73.22
12.4,94.7,90.47,80.1,92.54,89.1
10.8,95.99,86.73,83.07,56.9,78.48
12.0,52.76,47.17,94.94,57.05,58.69
25.1,91.03,82.42,89.2,59.52,83.57
28.2,51.88,56.27,89.05,77.22,67.25
15.1,68.36,100.0,96.36,67.55,89.36
27.7,77.11,96.99,99.5,100.0,96.82
13.0,57.41,50.48,79.06,81.85,60.58
16.9,87.32,52.38,55.44,86.45,61.21
10.7,50.42,78.88,72.96,68.32,73.09
21.0,58.43,66.99,89.38,71.45,72.03
29.5,79.04,50.94,51.39,69.85,56.01
20.1,85.72,78.53,52.84,88.11,75.83
13.9,95.83,67.44,53.36,76.89,65.6
21.2,85.27,52.42,86.55,81.07,67.22
8.1,83.59,90.55,75.06,84.1,82.73
27.2,69.72,100.0,68.44,92.55,90.64
17.6,50.06,90.68,55.28,57.84,77.06
16.2,56.01,94.21,86.61,94.04,89.49
19.6,76.73,58.87,66.05,82.12,65.15
20.6,83.76,61.99,63.27,87.25,70.98
6.8,70.87,54.55,82.62,71.34,60.35
22.1,86.53,92.53,77.95,75.15,86.44
11.0,76.09,100.0,68.12,65.65,87.16
22.8,53.71,89.85,82.07,100.0,88.48
25.6,59.6,100.0,63.56,78.66,86.08
25.1,92.0,85.85,89.74,100.0,87.45
18.8,86.25,68.9,61.47,78.18,68.95
18.0,94.74,70.95,57.94,64.47,71.13
8.6,55.88,47.1,89.12,80.72,60.36
24.4,99.51,49.21,85.39,57.1,64.67
11.8,60.47,85.27,59.13,98.79,79.51
17.4,50.59,71.53,55.81,94.28,75.53
12.1,99.87,76.76,91.92,91.81,82.35
8.3,64.05,75.95,88.83,85.82,76.41
20.7,83.4,62.85,66.36,82.97,66.53
6.4,58.83,70.47,82.91,100.0,74.31
23.7,79.01,75.36,56.21,67.27,72.41
12.9,95.2,67.18,75.35,93.5,69.46
5.0,66.01,90.74,50.94,82.13,76.33
17.8,83.51,72.41,69.58,100.0,76.86
6.2,59.4,78.08,53.74,94.61,71.71
11.9,81.24,97.3,73.76,100.0,91.09
22.7,66.82,98.78,71.08,83.68,86.14
6.6,60.56,95.41,72.22,64.56,83.67
26.0,65.66,64.0,52.27,78.32,68.52
5.1,58.94,43.63,68.08,89.64,58.12
11.2,95.1,59.02,87.82,93.99,68.46
23.5,69.86,63.77,68.45,54.14,67.56
12.9,62.26,98.43,85.76,80.4,88.21
7.5,72.42,81.2,68.47,65.87,72.28
14.0,66.03,49.1,71.16,98.02,61.79
11.8,87.22,51.66,78.19,62.34,60.31
26.1,98.56,57.17,97.53,89.17,76.16
12.8,71.9,81.67,55.44,66.63,74.58
24.7,93.05,91.53,51.65,70.93,79.39
27.3,78.29,99.77,80.4,100.0,93.03
15.8,57.86,100.0,97.45,67.87,90.81
27.7,84.53,60.41,99.49,60.72,73.05
14.4,75.67,62.91,74.21,57.91,68.59
29.1,82.53,63.15,73.4,79.63,73.1
7.2,94.48,63.69,82.25,87.02,71.45
22.2,72.02,100.0,77.78,71.03,89.28
17.3,95.06,79.7,81.7,89.41,78.49
14.7,87.53,88.7,93.7,58.67,87.28
20.8,74.43,75.65,87.32,98.11,80.53
22.6,80.16,48.51,74.84,95.32,67.64
5.1,66.28,45.38,73.09,100.0,60.01
9.2,99.18,75.04,81.98,100.0,83.07
22.8,83.37,89.97,72.79,72.18,85.3
21.7,52.19,59.43,72.89,74.33,63.93
29.2,66.33,92.07,50.82,90.35,82.23
24.0,81.17,95.84,58.7,60.22,83.11
28.8,52.82,73.35,74.43,70.17,73.49
22.6,51.19,91.57,91.13,61.4,85.28
12.5,72.5,67.99,63.94,76.58,66.43
7.6,66.63,82.98,76.13,82.17,78.85
24.5,71.91,93.19,67.25,64.6,84.26
21.1,63.13,100.0,55.24,54.64,81.25
6.2,58.24,62.58,97.91,91.84,76.19
14.0,84.46,68.86,92.73,56.56,73.73
28.9,75.73,58.61,53.92,100.0,65.97
17.5,60.01,57.49,85.99,66.24,63.79
15.8,65.98,86.34,67.38,87.24,80.97
16.4,79.59,99.94,99.74,77.72,93.52
10.2,53.61,66.74,65.12,56.89,66.71
14.2,57.37,55.05,61.94,77.33,61.15
14.2,53.66,61.37,78.39,80.54,65.91
6.3,90.62,69.19,91.76,98.24,80.12
24.2,87.62,64.7,59.63,90.2,71.31
15.4,87.67,58.63,85.47,59.1,66.93
25.6,85.82,91.84,53.07,63.64,81.36
26.3,83.47,48.36,95.95,71.35,67.81
10.3,73.85,75.44,54.05,59.06,66.2
21.4,82.11,94.05,95.71,78.58,91.44
16.8,51.92,61.01,74.54,100.0,68.81
27.0,81.07,84.3,72.4,80.07,83.48
10.4,88.89,83.25,98.67,93.01,84.51
21.9,75.02,85.87,99.52,90.12,87.39
20.2,67.88,72.81,82.51,97.45,81.58
12.4,63.87,64.51,56.36,64.17,66.26
8.4,82.14,92.68,75.31,92.21,79.57
21.3,84.64,91.9,76.46,98.66,90.69
23.5,93.55,66.33,75.72,63.12,71.57
12.9,67.12,50.05,78.47,72.05,60.23
21.1,88.49,50.64,50.94,100.0,60.0
14.9,78.07,50.13,85.56,94.17,64.36
22.8,94.14,81.81,85.62,69.27,81.16
10.0,76.39,46.1,55.77,81.55,53.9
27.3,75.88,68.41,78.51,74.93,71.97
12.2,78.89,88.85,78.42,79.21,81.46
14.2,87.47,61.92,84.12,72.81,70.75
6.5,98.23,87.75,54.27,67.23,76.84
7.8,53.68,87.07,81.33,88.62,83.23
17.9,52.67,60.12,64.04,92.77,66.48
11.7,96.88,87.24,75.35,98.22,82.22
25.9,76.49,92.64,88.67,63.09,88.83
5.4,80.75,65.47,85.28,96.26,71.1
14.5,74.12,56.98,55.95,66.1,62.07
13.4,54.68,75.3,79.56,76.14,73.06
5.5,88.4,96.93,98.46,100.0,91.76
8.1,87.36,80.81,57.84,76.2,73.82
15.3,65.59,54.97,92.65,65.41,67.8
17.3,65.31,86.16,85.13,63.1,82.16
15.1,91.89,70.16,88.7,78.97,76.46
18.3,53.62,80.98,64.1,91.98,81.3
19.9,94.06,90.01,64.39,100.0,82.08
5.2,62.83,72.46,95.3,95.09,75.77
16.6,79.65,93.82,67.99,97.93,84.81
29.1,96.8,92.06,53.15,90.58,81.82
18.0,83.91,82.3,80.03,99.57,82.25
21.9,70.72,55.62,56.24,57.18,61.65
12.8,84.48,94.0,89.83,100.0,89.8
24.3,67.2,100.0,82.09,74.75,90.53
24.3,63.86,55.51,93.74,100.0,68.98
18.0,99.83,74.69,89.24,59.14,76.18
29.4,87.54,64.35,55.61,89.1,69.44
8.1,82.24,87.7,69.05,90.92,82.88
5.4,67.76,84.92,88.73,100.0,80.74
24.3,52.46,55.74,70.87,92.69,65.81
25.2,51.55,100.0,98.62,75.05,95.87
8.0,77.71,53.26,86.79,83.07,64.83
11.6,88.1,91.32,50.77,71.38,74.91
5.4,76.87,69.04,94.0,65.44,75.5
12.3,92.04,63.39,55.04,65.73,65.84
24.3,51.67,56.78,57.03,64.52,63.14
17.9,68.34,55.43,86.72,82.64,64.79
13.7,61.85,83.82,93.25,100.0,88.14
14.3,72.36,77.32,76.82,100.0,77.8
5.0,53.62,48.83,64.45,56.61,53.69
12.5,97.71,50.51,67.57,58.04,58.14
21.2,61.16,50.7,67.14,66.29,62.04
29.4,96.12,93.45,66.33,66.73,85.54
26.2,71.29,90.57,62.15,58.47,81.95
5.6,99.28,45.19,80.44,74.25,59.85
27.5,77.7,81.87,95.02,85.09,85.88
24.6,96.54,52.46,65.35,82.83,62.96
24.5,50.27,100.0,59.33,80.73,90.11
16.4,87.41,99.35,91.93,72.45,89.23
15.0,95.15,86.39,87.09,90.55,86.91
12.6,56.99,99.35,96.54,97.11,94.24
6.6,54.81,90.67,58.28,70.81,79.78
10.7,71.23,92.92,57.21,57.71,81.21
11.2,96.68,77.54,77.07,69.44,76.4
17.1,77.12,63.49,80.72,61.71,70.19
23.7,76.37,60.18,74.01,77.81,72.26
16.8,57.06,64.67,79.95,62.6,68.75
6.4,50.04,79.63,59.02,76.68,70.27
28.9,90.51,59.03,73.98,65.49,67.8
28.6,54.38,64.1,82.9,91.91,71.73
24.6,81.69,75.46,71.64,55.68,75.37
29.8,95.73,62.92,83.97,82.78,76.72
18.6,60.43,80.9,72.56,62.82,76.36
29.1,83.26,100.0,66.68,54.05,84.46
6.9,53.93,86.96,65.18,97.37,81.73
14.1,80.19,84.22,70.55,87.81,77.4
10.6,58.2,78.14,51.15,58.02,66.14
9.9,86.8,72.25,83.43,88.21,76.08
8.5,65.06,53.74,92.26,86.12,67.31
20.6,73.17,99.86,67.73,77.73,89.05
24.5,79.97,62.26,52.3,74.1,65.67
19.5,58.56,51.33,99.34,100.0,73.28
8.7,87.08,87.61,63.18,66.05,78.28
25.3,65.13,58.13,56.33,73.3,65.71
20.9,83.12,68.58,68.49,70.57,72.89
14.7,57.91,46.11,86.93,93.78,60.9
21.9,84.41,54.79,64.7,99.7,66.35
11.5,56.41,53.84,78.74,97.21,69.59
13.6,71.27,47.34,70.78,94.14,60.35
27.9,62.36,87.77,55.89,100.0,81.43
12.3,87.42,93.91,66.51,88.85,85.54
16.7,63.1,67.41,86.24,92.72,74.12
27.3,94.09,100.0,80.6,100.0,93.74
22.7,94.59,59.61,55.99,53.71,62.33
6.6,59.82,61.5,58.17,85.19,66.46
8.7,80.69,51.65,82.04,91.87,64.82
5.2,54.39,78.79,90.67,100.0,77.88
20.8,69.58,71.43,67.47,98.24,72.28
16.2,85.67,81.66,79.77,96.89,86.81
8.4,82.97,88.22,58.53,100.0,80.57
28.9,81.24,81.41,65.57,80.8,80.9
18.2,64.13,83.12,51.01,53.41,71.28
11.0,68.9,99.42,88.41,55.85,88.44
17.5,55.15,63.19,70.05,81.43,70.95
22.0,85.95,68.15,90.81,77.21,75.28
6.9,75.19,85.13,85.42,77.69,82.39
11.9,85.44,80.25,91.44,75.51,78.52
25.2,62.45,58.27,64.28,99.75,71.85
16.5,66.22,67.52,59.26,71.52,68.21
18.7,66.71,73.68,98.6,98.73,81.09
15.8,51.29,69.9,85.87,100.0,75.82
6.1,67.05,52.53,91.7,80.48,64.21
9.1,90.17,98.2,50.66,75.39,81.75
16.1,94.86,90.57,67.72,92.11,80.42
10.2,75.91,71.94,87.14,90.63,76.62
6.2,72.78,82.66,53.9,69.66,72.82
26.1,51.54,100.0,78.37,59.83,89.39
29.5,93.96,57.02,71.45,67.53,66.45
24.8,50.65,62.46,50.88,59.6,61.44
26.3,97.24,80.45,61.8,68.45,77.75
11.0,74.46,91.24,64.24,66.94,77.24
29.0,67.1,50.88,55.59,85.23,62.03
9.9,96.21,100.0,81.58,100.0,89.05
28.8,51.22,75.93,62.12,88.02,78.06
29.9,79.07,70.52,63.88,100.0,77.35
22.8,77.45,64.4,94.91,94.9,75.22
29.5,60.97,59.31,73.36,90.79,71.33
19.2,71.44,93.25,69.61,74.88,84.68
11.5,82.61,100.0,86.19,71.41,88.17
15.9,86.36,69.59,95.48,98.04,75.58
19.8,50.04,100.0,51.25,98.34,86.83
6.8,96.84,91.47,72.41,76.93,81.76
20.6,58.23,75.04,80.54,55.28,76.48
29.5,61.68,89.29,65.93,93.59,85.02
9.8,63.17,69.04,88.62,69.57,71.37
24.8,51.89,80.96,98.57,56.4,84.99
27.7,56.15,51.79,97.17,96.08,71.78
28.6,99.32,90.36,63.3,79.67,78.2
29.0,65.76,51.87,61.32,87.94,62.71
18.0,55.77,94.43,97.87,100.0,89.75
29.4,55.35,98.32,72.93,81.44,88.08
23.9,85.97,61.39,60.41,78.78,67.27
9.0,92.73,62.12,85.35,69.65,70.15
16.9,62.85,73.95,64.22,69.11,72.25
23.0,51.05,82.7,63.36,93.63,81.44
11.2,61.15,60.6,93.96,78.09,71.45
21.0,52.83,81.85,58.12,61.67,75.36
21.7,55.17,64.38,53.22,57.92,64.21
9.1,71.58,46.06,63.46,77.46,59.07
19.1,61.5,45.88,80.35,78.07,60.56
24.3,75.8,53.36,56.15,86.04,62.3
17.5,62.67,92.79,73.58,77.96,81.1
5.3,97.03,99.28,81.37,62.05,89.27
5.2,95.3,67.18,92.44,80.94,74.08
13.9,78.34,74.93,61.49,99.03,80.58
28.2,67.72,57.27,90.87,63.42,68.75
10.7,69.06,76.27,61.75,88.2,73.94
20.9,70.59,54.95,83.84,84.72,69.09
10.6,86.38,79.85,71.53,91.72,76.6
13.0,72.58,99.9,55.73,60.87,83.52
26.2,92.84,59.6,85.71,100.0,74.46
23.2,97.2,92.83,60.89,84.7,84.84
7.4,66.8,43.63,58.83,95.88,58.14
15.7,78.03,67.24,67.92,66.41,67.36
5.7,54.75,48.35,82.66,91.93,62.33
17.0,60.02,66.25,61.7,92.75,72.31
21.6,70.67,56.89,59.18,73.42,61.97
8.0,60.31,64.8,50.5,72.23,62.39
12.2,93.83,68.71,73.58,87.3,77.61
14.9,57.91,62.51,71.43,58.96,66.29
28.0,72.78,87.8,61.69,90.48,82.32
29.8,80.28,100.0,52.68,55.3,86.42
6.1,84.59,65.87,71.46,63.82,66.3
24.0,69.15,58.74,89.41,88.57,69.12
14.3,93.45,60.53,85.76,60.07,71.2
14.8,78.42,95.68,93.04,100.0,90.44
23.9,71.98,81.47,50.48,96.45,82.22
28.0,53.36,75.7,98.32,87.22,81.76
28.8,73.23,57.62,67.07,94.97,72.81
19.4,91.04,72.8,99.52,100.0,80.3
13.9,80.73,60.88,62.63,66.73,66.39
24.7,91.61,100.0,73.58,96.88,93.92
11.3,74.7,96.43,67.7,63.8,84.98
19.1,55.92,50.76,67.79,74.74,62.56
14.0,50.68,75.2,92.11,83.44,77.37
21.4,65.16,59.92,87.32,90.93,69.46
11.0,84.9,67.95,99.61,57.49,73.96
9.8,89.51,95.55,80.68,69.37,86.82
28.0,64.79,80.05,73.16,84.82,79.51
7.5,74.78,62.3,54.5,71.14,63.32
17.6,71.06,57.75,99.83,94.74,73.78
10.5,70.53,91.17,77.58,87.23,82.99
6.0,61.57,79.27,85.02,66.82,77.17
5.9,56.82,69.85,70.34,61.52,67.3
9.4,59.83,55.87,77.39,86.09,63.74
26.7,52.77,68.06,97.13,78.35,78.64
12.1,59.91,100.0,58.32,61.95,81.37
28.8,50.46,79.85,64.62,70.2,75.75
19.5,81.36,69.89,57.6,68.61,69.64
15.9,65.82,76.06,89.61,60.79,79.4
19.5,98.66,92.59,53.1,80.54,83.13
17.9,59.69,65.78,54.08,91.42,68.86
24.0,67.29,57.92,64.92,82.67,65.63
12.1,67.89,78.73,75.71,95.85,78.62
13.8,50.42,84.05,70.31,60.6,76.26
27.4,91.96,90.98,52.24,74.91,82.75
28.7,51.6,100.0,97.87,86.34,94.95
27.3,97.01,70.46,97.64,89.66,84.25
15.5,94.6,49.17,63.97,88.63,60.99
24.5,76.78,100.0,86.58,91.64,91.07
16.9,77.18,71.17,78.93,87.31,80.78
17.4,82.69,82.62,61.87,58.42,75.12
10.1,69.35,83.01,63.11,88.56,80.03
19.8,82.36,78.73,74.56,90.71,82.56
9.7,52.24,55.23,70.96,100.0,66.45
13.3,52.7,89.3,64.56,88.54,80.68
26.4,72.86,96.15,90.38,89.76,93.43
10.2,77.48,76.24,74.07,80.18,73.16
6.8,94.39,71.35,82.74,98.36,80.39
6.7,55.23,48.85,59.46,100.0,57.09
28.5,91.13,53.59,76.68,93.55,68.61
17.7,60.5,65.68,65.9,84.58,69.54
15.2,69.7,63.21,76.32,58.53,67.03
25.3,65.83,100.0,89.04,91.68,93.18
25.9,70.01,94.79,88.45,90.74,94.3
13.3,57.52,83.59,67.71,92.84,81.04
22.3,75.18,77.75,84.71,61.31,78.94
24.3,90.08,57.33,97.06,88.51,72.95
21.4,72.08,100.0,81.28,69.67,92.15
8.8,74.53,65.14,57.42,91.46,66.39
26.9,92.44,54.49,83.99,67.06,70.86
18.5,85.3,75.18,55.25,87.52,74.1
12.1,74.52,96.07,93.61,70.37,91.32
15.6,62.88,97.92,75.83,55.0,84.85
5.9,94.25,42.43,69.26,85.83,57.29
8.2,78.85,95.64,52.85,58.83,81.54
24.1,61.06,63.52,69.04,87.1,74.29
5.0,63.46,43.84,95.16,100.0,65.84
15.4,90.16,95.49,51.05,100.0,86.57
18.1,52.21,97.26,73.73,66.22,86.57
6.4,99.6,77.69,96.56,96.25,81.7
29.3,56.52,83.26,69.74,71.86,80.48
10.7,89.8,92.0,71.41,99.3,84.39
12.6,69.74,90.96,78.93,94.11,86.6
12.6,74.61,97.19,73.15,58.09,85.29
10.8,94.03,76.4,58.43,73.87,69.09
5.0,70.65,99.56,50.93,69.93,81.34
23.2,76.87,100.0,80.49,94.09,93.91
29.2,52.46,55.75,96.04,76.27,70.43
10.6,50.12,94.15,55.32,87.55,81.85
21.6,62.24,76.47,60.55,83.75,72.23
23.5,84.03,70.3,68.51,100.0,74.52
26.2,56.06,84.64,90.44,100.0,89.03
15.6,55.69,48.04,63.46,75.19,57.91
12.6,70.55,74.17,94.1,91.83,80.27
13.1,82.39,96.18,52.75,94.64,83.31
22.8,85.6,59.65,97.05,100.0,75.75
25.4,58.92,73.2,78.04,58.09,69.82
9.5,53.98,99.22,82.94,70.08,88.89
14.3,97.02,70.0,68.38,70.11,74.95
27.5,63.03,69.75,89.1,77.07,74.98
25.2,92.67,73.99,58.33,61.96,70.82
29.6,93.17,80.05,52.45,77.96,77.99
23.9,88.63,85.09,69.78,87.35,85.77
14.8,58.44,92.48,92.68,80.43,87.78
19.8,91.09,73.07,87.75,88.56,77.29
21.5,88.46,95.5,75.86,57.87,85.79
7.0,79.84,74.12,78.61,98.52,74.87
18.6,66.86,65.89,56.49,100.0,68.48
22.7,63.13,86.29,92.03,86.42,85.97
9.2,56.09,85.82,89.35,99.43,82.82
24.5,75.49,80.83,82.82,61.54,78.58
19.6,79.26,49.28,73.31,94.27,64.33
28.8,67.97,58.83,98.22,61.85,72.1
6.1,73.77,58.95,93.95,76.04,66.17
11.6,68.18,60.44,82.22,71.12,68.29
20.0,82.05,86.41,68.59,83.4,81.41
12.4,95.06,44.82,80.9,69.93,61.46
22.9,58.2,92.21,78.77,86.6,88.45
24.0,69.07,63.12,69.71,72.55,67.86
7.6,57.04,60.88,65.33,96.96,67.28
17.8,81.25,77.01,70.35,85.91,75.74
17.7,86.44,58.27,78.7,65.48,69.4
14.2,96.6,97.33,71.41,71.09,85.32
28.3,63.94,53.61,63.18,96.16,66.25
25.7,97.51,74.37,88.05,74.6,79.78
22.4,53.16,97.69,76.57,81.38,86.74
22.9,80.15,83.82,53.38,85.65,80.16
16.5,52.86,62.49,68.42,71.5,65.07
28.0,94.69,73.65,94.25,70.36,77.58
22.4,76.49,89.12,87.76,79.03,81.58
23.2,83.47,100.0,66.16,64.71,85.89
26.5,91.58,100.0,96.91,70.02,97.48
11.9,57.52,64.12,53.83,56.33,64.42
25.2,51.93,100.0,98.06,71.08,91.99
9.9,93.94,43.18,62.29,69.78,54.47
13.6,65.75,45.74,50.45,100.0,56.05
13.4,56.45,93.45,71.69,83.79,81.81
29.5,73.42,60.82,67.95,93.45,68.9
26.4,79.92,51.57,76.95,56.89,65.14
22.5,51.55,60.98,89.84,60.72,70.28
23.2,63.74,72.53,92.12,96.26,80.89
19.1,51.64,89.56,70.06,85.38,80.35
28.7,71.02,86.07,71.49,63.84,81.62
17.4,94.76,59.48,57.41,73.68,60.36
14.5,99.13,74.55,52.38,80.07,73.69
9.1,81.85,98.3,82.06,97.1,91.14
24.7,58.08,96.31,53.22,56.21,78.82
23.4,95.29,66.41,86.69,85.04,79.27
14.6,75.81,100.0,76.95,90.47,87.2
5.6,57.69,84.2,59.93,100.0,78.55
26.0,96.09,51.55,76.98,94.98,69.03
5.3,87.87,43.7,59.15,67.36,51.23
22.6,86.59,56.88,71.94,89.8,68.26
29.3,85.46,92.46,89.98,93.56,89.23
15.9,60.02,55.79,73.1,90.88,60.49
10.9,60.55,73.96,57.43,94.46,70.05
22.6,84.41,52.38,86.19,100.0,68.51
25.4,60.99,100.0,59.34,58.48,86.17
18.7,71.93,66.25,86.93,60.46,71.91
29.2,89.1,100.0,73.97,94.26,93.62
6.3,89.2,98.58,72.69,66.98,83.73
17.6,72.66,45.65,92.57,58.48,60.52
23.0,89.61,74.75,85.43,75.19,77.36
26.6,91.93,49.46,51.65,94.09,59.55
9.5,82.74,97.37,64.81,60.22,81.9
25.0,61.42,78.6,93.55,89.2,83.48
18.8,63.7,50.14,50.92,53.24,54.1
14.9,65.74,51.09,77.26,60.13,60.29
8.3,55.84,65.5,86.39,72.72,71.43
26.6,63.66,100.0,81.09,59.05,88.59
8.9,60.48,84.24,88.03,97.58,80.91
12.7,72.77,95.87,86.28,98.38,91.58
12.3,95.42,65.68,84.6,92.86,74.9
26.8,55.22,50.63,91.08,67.58,66.29
21.8,86.01,100.0,82.28,81.1,93.41
24.9,84.36,48.5,70.12,63.42,61.84
11.3,54.79,100.0,73.6,68.48,86.15
20.6,96.13,68.3,85.84,80.95,80.68
19.3,78.42,46.4,93.82,92.38,63.9
25.8,68.19,89.09,63.61,58.55,79.25
27.7,87.83,100.0,67.1,68.86,90.91
5.3,62.87,99.53,96.54,100.0,93.21
21.9,84.68,56.23,78.93,76.2,69.09
6.3,51.99,52.76,58.95,100.0,60.78
18.7,91.97,79.54,83.18,100.0,85.8
12.2,72.41,81.9,99.54,82.3,81.92
12.7,81.83,88.18,91.17,69.87,87.22
13.8,61.06,55.0,87.29,94.78,70.4
20.5,83.85,100.0,60.4,61.59,83.38
13.4,88.61,82.34,93.81,68.23,83.51
23.3,73.66,97.81,76.29,93.82,90.93
15.1,80.89,76.93,94.46,77.35,79.37
6.7,72.82,66.87,66.49,64.07,63.04
24.6,94.7,100.0,53.1,85.75,86.09
12.1,74.89,78.56,73.8,91.07,79.42
15.8,92.09,96.75,63.49,60.06,85.4
22.1,90.07,100.0,85.76,69.0,91.45
13.3,70.53,84.51,97.86,66.93,84.87
6.4,61.5,74.86,84.55,74.06,76.6
14.3,70.3,44.5,94.35,93.83,64.63
28.6,91.31,50.98,72.65,90.05,65.22
21.0,61.38,58.35,88.58,88.44,71.64
21.8,76.22,57.7,92.15,55.84,69.36
20.8,90.3,61.53,85.54,62.24,71.59
10.0,67.67,61.3,75.39,65.68,67.43
15.5,82.11,66.25,81.29,68.48,68.9
23.8,62.28,72.37,85.03,62.42,74.4
7.5,55.46,48.18,62.65,74.28,52.79
11.9,89.72,46.11,90.48,59.19,62.58
11.9,54.95,84.01,97.52,93.35,84.53
15.8,63.57,76.98,73.26,93.79,78.4
29.5,92.76,75.5,85.05,83.81,78.83
6.7,67.32,80.08,86.85,59.7,79.44
18.0,98.65,95.06,83.11,99.49,89.39
9.5,98.99,68.51,77.36,100.0,76.41
29.3,63.41,87.26,94.08,65.76,86.61
7.8,52.05,99.55,72.45,89.58,86.82
15.1,85.25,94.91,53.06,95.28,83.74
23.4,72.55,72.58,92.23,82.52,78.18
22.6,55.04,85.46,83.7,71.19,84.93
15.6,85.38,55.3,92.46,79.48,69.1
13.7,51.56,77.74,56.93,79.03,70.04
14.9,93.51,100.0,51.54,73.12,83.91
11.6,56.93,74.58,96.72,100.0,80.72
10.1,56.37,98.69,57.39,90.63,86.19
17.1,58.78,69.57,90.48,67.5,73.03
11.7,98.01,100.0,91.16,84.75,92.12
12.2,84.66,78.41,85.44,89.56,80.57
21.4,90.07,48.96,56.56,60.4,59.59
29.2,69.88,83.97,83.37,72.92,81.04
20.1,66.82,62.5,94.45,100.0,76.42
6.9,61.72,44.02,71.28,82.64,55.97
6.9,74.03,91.32,70.68,65.09,80.01
28.8,77.59,65.18,72.14,60.47,74.08
12.4,81.59,91.51,54.11,79.16,79.93
7.3,62.86,59.48,94.6,83.06,71.14
20.0,97.43,57.66,93.46,72.33,72.38
20.6,58.49,100.0,99.9,87.51,92.73
21.2,98.28,68.06,79.26,58.19,69.14
11.7,50.74,79.59,87.56,62.51,78.68
5.4,74.06,78.22,60.13,80.92,71.01
29.1,66.67,82.36,83.38,58.09,77.89
11.3,72.46,98.27,82.49,99.0,92.81
21.9,78.53,87.04,95.06,62.81,83.62
22.7,71.78,71.03,91.54,89.19,77.52
20.3,70.74,97.83,96.92,75.38,96.06
12.8,86.64,54.7,93.44,75.6,65.01
11.8,84.29,76.19,93.43,93.85,78.91
19.9,91.66,100.0,53.19,78.16,85.4
26.7,62.5,85.53,92.3,91.82,86.97
28.7,80.48,97.63,80.37,80.08,89.77
7.6,79.26,81.49,69.02,83.79,75.22
8.9,68.49,93.03,52.83,91.21,83.81
28.6,74.3,100.0,83.88,85.4,94.16
23.4,65.69,63.4,66.41,84.76,70.55
27.1,57.09,58.31,73.39,93.86,69.06
10.1,60.69,72.07,84.09,100.0,77.16
19.7,55.28,88.02,95.59,74.58,87.78
22.5,84.15,60.38,91.27,84.34,71.35
22.0,83.04,46.85,72.53,58.66,60.01
15.2,97.53,65.14,69.39,72.1,70.86
5.4,86.48,99.75,61.99,74.32,87.59
19.6,52.6,87.58,68.62,95.88,86.4
11.3,94.21,67.47,55.55,79.0,68.21
16.3,93.13,56.44,98.56,92.46,74.82
28.9,72.17,70.04,78.7,55.67,68.48
15.0,79.29,54.69,56.39,76.6,64.06
26.0,98.8,54.18,67.64,99.13,66.81
9.7,76.62,97.31,77.35,65.86,85.31
21.8,95.27,100.0,76.64,56.18,89.72
29.4,54.15,58.67,51.78,74.78,63.3
7.5,59.55,45.52,97.54,91.07,63.96
5.2,72.04,61.34,63.77,76.55,67.1
15.8,79.24,72.44,50.81,76.05,68.91
7.3,90.81,54.48,53.82,86.72,58.78
23.7,99.41,65.2,79.01,67.46,75.87
27.9,69.44,60.42,56.89,91.0,68.61
15.9,52.37,91.23,52.09,60.79,80.74
11.5,90.06,86.2,68.98,73.93,81.58
15.9,80.22,82.87,81.14,87.67,79.85
23.1,59.93,70.16,55.59,94.76,72.96
5.2,74.74,96.1,65.67,93.52,83.14
19.7,87.12,100.0,70.89,90.33,90.74
20.3,88.52,56.51,57.97,71.43,63.04
20.9,74.98,59.65,75.3,60.64,63.53
11.1,65.26,74.87,54.26,64.1,67.4
22.9,98.69,52.35,52.33,96.38,67.53
7.3,83.17,68.38,75.99,97.43,73.75
10.0,70.41,77.91,62.39,100.0,75.64
26.9,64.02,79.39,54.77,57.09,76.71
23.5,86.56,66.9,71.2,81.11,72.02
5.3,62.11,74.14,95.76,88.18,77.78
11.2,58.59,100.0,86.21,90.7,92.89
10.4,76.49,55.48,90.78,87.64,67.71
11.8,64.5,82.83,93.6,94.12,82.62
11.2,81.45,45.96,98.63,73.89,59.56
6.6,55.9,45.96,88.16,64.26,57.1
16.5,82.75,78.06,80.42,65.06,75.65
23.3,64.16,53.29,68.27,54.7,61.42
20.2,50.01,47.4,59.08,71.06,55.69
21.8,56.35,56.83,84.33,59.65,70.07
7.0,96.68,75.99,99.75,72.05,77.77
28.8,93.37,90.84,73.37,85.81,90.27
26.0,61.68,59.95,86.18,99.89,73.71
25.1,88.92,87.63,74.75,96.46,88.03
25.6,80.43,58.63,71.6,66.93,68.4
28.3,98.55,85.3,70.52,60.93,77.48
18.6,68.68,70.3,75.23,64.16,71.92
10.0,84.07,82.23,68.34,100.0,79.51
20.4,53.18,100.0,87.44,82.72,89.65
23.6,69.81,100.0,93.71,64.75,93.17
23.4,98.19,47.28,94.14,97.69,72.15
18.0,76.95,98.53,61.38,73.44,80.59
6.7,64.39,46.0,94.8,100.0,63.34
14.3,56.01,100.0,67.08,67.05,82.93
28.0,85.18,65.31,65.47,73.59,70.85
19.6,82.24,68.8,86.34,80.43,75.15
18.5,68.7,51.05,65.23,98.54,62.27
11.7,97.55,50.25,52.65,96.6,61.71
14.2,51.11,87.86,68.68,82.84,83.6
27.4,65.19,100.0,86.07,66.25,96.42
21.7,96.05,83.15,66.35,74.15,78.47
24.7,66.05,90.36,81.48,100.0,85.2
16.4,62.61,90.64,83.01,85.37,86.96
20.8,76.71,62.01,86.69,94.25,76.66
11.2,91.19,46.07,94.86,78.18,65.49
22.6,55.16,46.89,71.63,80.9,63.65
15.7,97.15,65.75,58.32,74.95,67.71
16.1,89.75,59.32,65.95,89.11,66.29
21.2,59.06,50.1,71.61,96.87,64.2
28.4,85.6,59.29,85.69,80.51,71.6
6.6,69.25,49.45,50.66,77.08,56.68
25.6,70.11,100.0,65.79,70.96,89.77
12.3,89.16,52.11,88.99,64.19,66.64
16.1,98.14,77.09,83.54,100.0,82.77
5.5,56.33,77.24,86.59,71.0,76.25
12.5,71.03,76.36,90.59,95.47,82.01
17.6,74.05,51.22,89.16,91.12,63.7
6.4,68.82,61.05,84.11,94.6,70.27
17.3,68.16,48.27,71.98,100.0,63.24
28.2,52.61,72.2,99.18,87.12,81.36
7.6,84.28,53.6,78.45,99.61,66.05
24.1,71.81,80.93,60.14,61.99,76.36
15.2,59.74,86.13,64.64,85.22,78.57
21.4,90.8,78.35,84.68,93.69,84.74
11.5,90.13,69.5,96.24,69.35,76.69
9.0,74.32,65.94,58.94,90.58,68.19
9.0,64.92,93.2,54.12,92.17,79.99
6.8,81.9,55.2,94.08,97.2,71.1
9.6,64.41,86.93,95.76,71.39,84.2
21.6,61.8,91.93,63.82,87.91,82.63
27.0,86.53,73.25,68.86,69.34,74.93
25.4,52.02,65.46,83.01,91.93,75.44
22.1,54.74,74.86,66.5,77.14,75.11
7.8,50.34,47.93,93.86,85.51,64.14
12.2,57.65,46.42,55.38,74.11,55.05
12.7,53.45,50.51,51.9,61.21,56.84
11.2,99.79,54.59,60.42,62.53,62.91
17.9,64.44,75.62,64.3,57.74,73.07
18.4,57.46,96.47,55.65,84.24,82.68
13.9,62.05,58.31,53.28,95.63,61.62
13.8,96.81,100.0,87.78,56.31,88.73
25.7,76.01,100.0,58.21,56.8,88.91
24.7,68.24,100.0,95.7,78.61,94.82
12.7,93.67,94.06,68.4,90.99,90.2
27.8,69.75,70.17,83.53,62.9,74.72
28.8,66.75,53.0,61.27,67.26,61.53
13.2,60.36,78.09,62.02,65.32,72.27
13.9,68.89,77.69,78.74,74.67,76.71
17.6,65.83,96.28,78.03,65.93,84.8
28.5,83.87,100.0,88.44,72.94,91.46
26.9,64.48,78.56,87.89,91.7,83.9
7.6,78.86,62.99,83.53,85.56,72.44
14.8,53.29,55.59,72.46,58.41,66.2
18.8,59.56,45.93,94.53,87.56,63.97
17.6,70.37,75.83,81.13,78.72,76.82
9.8,96.85,76.27,99.51,100.0,81.88
26.5,68.86,97.45,90.97,69.93,93.53
21.9,83.2,76.84,52.22,89.44,76.41
25.9,62.75,100.0,66.03,90.5,88.19
26.5,56.35,85.64,78.59,65.8,80.09
23.7,52.93,97.53,86.07,100.0,94.36
16.0,65.27,53.7,77.52,79.21,65.25
20.3,57.88,97.41,89.31,89.3,93.04
9.0,58.7,83.21,64.13,61.14,72.66
21.8,88.04,56.75,59.2,66.44,59.74
9.5,50.79,54.24,52.7,82.47,57.04
22.3,77.89,100.0,78.67,70.67,91.46
10.7,68.97,45.14,84.43,80.05,64.58
7.9,75.33,70.12,66.31,72.68,68.69
9.1,78.14,61.54,80.68,86.87,73.77
5.0,65.67,81.4,52.61,77.52,74.04
23.0,64.76,97.28,54.96,53.53,79.29
23.3,86.67,68.61,85.09,87.59,77.4
17.9,93.56,70.98,68.4,75.21,74.73
9.0,59.63,100.0,83.57,72.09,83.68
7.1,54.88,89.16,91.59,60.21,83.38
5.5,94.89,95.48,92.63,66.58,90.05
9.1,67.49,69.06,58.61,64.71,67.22
27.3,77.57,62.23,74.31,100.0,73.03
11.0,67.98,68.01,86.7,76.83,72.62
13.9,56.29,87.14,88.7,57.42,81.03
7.6,79.47,48.85,89.23,62.29,59.37
10.6,76.26,59.41,61.41,57.63,60.45
18.0,60.15,48.2,59.63,83.02,57.92
20.2,72.59,72.0,79.5,64.1,74.31
11.1,89.85,92.98,87.05,80.15,86.61
6.4,79.52,43.4,65.96,72.46,53.44
14.8,54.85,84.96,55.24,93.5,79.24
10.9,77.4,99.22,85.84,71.17,89.91
10.5,85.14,57.37,64.98,76.81,62.73
29.0,89.64,90.32,58.32,89.56,85.7
20.4,81.46,100.0,57.39,75.11,85.54
18.9,57.63,100.0,65.75,93.6,88.81
15.4,85.51,58.72,79.63,87.86,71.13
15.7,83.87,50.73,67.92,74.61,60.23
18.5,51.22,54.45,51.03,78.26,57.38
22.4,70.59,88.84,54.85,100.0,82.2
22.6,66.65,90.33,64.53,86.95,81.06
9.3,83.47,83.24,82.99,100.0,82.69
17.5,60.81,65.41,54.93,62.24,64.18
15.3,79.54,54.78,78.03,78.84,61.06
26.8,95.66,82.89,55.99,98.79,82.2
20.8,89.89,75.26,60.58,69.76,73.31
18.3,96.07,89.22,58.61,100.0,86.0
7.9,98.93,68.85,53.36,58.05,66.18
20.1,50.53,66.35,83.57,100.0,76.12
7.9,81.14,59.98,73.17,76.65,68.3
13.4,70.64,56.71,91.55,59.18,66.24
8.6,92.99,58.52,54.94,97.28,64.62
22.3,62.59,52.38,57.24,66.03,56.55
10.2,99.05,63.87,65.32,55.03,67.81
14.8,80.69,46.63,88.29,62.09,61.19
27.4,89.68,59.4,65.29,86.88,67.16
10.1,54.28,87.84,70.42,100.0,83.52
17.7,59.17,64.84,65.08,59.47,61.94
15.5,87.92,84.74,54.01,76.34,76.36
5.5,51.1,84.66,96.97,64.85,82.56
24.8,90.84,82.31,77.43,91.9,82.92
6.7,50.7,99.53,89.39,61.26,85.81
16.9,82.86,46.36,82.92,66.97,60.48
19.0,68.25,90.02,75.71,64.36,78.87
20.7,80.57,100.0,54.48,80.9,87.79
22.2,84.8,98.4,82.14,98.59,93.01
11.3,67.12,53.46,57.77,79.02,59.36
5.2,55.4,61.17,70.72,57.15,62.1
23.1,53.48,57.28,81.46,83.06,68.35
18.4,79.45,81.6,89.11,95.23,85.6
25.9,76.03,90.5,84.25,61.66,85.65
25.5,87.11,66.67,83.58,58.65,70.44
26.1,75.49,80.2,57.45,62.84,76.31
17.1,71.12,86.59,67.31,91.34,82.79
13.3,69.9,69.27,52.15,82.71,68.47
24.8,51.32,98.68,85.97,82.19,93.4
16.3,66.78,91.18,97.63,68.33,87.42
9.6,98.8,46.76,63.21,70.4,59.56
26.4,93.68,85.19,54.38,100.0,84.73
27.1,66.47,62.25,73.78,66.46,70.06
16.7,79.39,78.46,92.83,100.0,82.24
6.9,92.36,99.48,77.6,83.69,88.82
14.7,72.06,97.15,52.34,59.3,83.15
25.1,50.9,71.8,98.71,79.29,76.42
27.5,53.73,65.74,91.43,100.0,76.59
10.1,75.52,57.09,56.58,74.32,60.59
6.7,98.47,73.96,96.09,98.94,79.24
26.9,84.66,54.92,72.53,67.17,67.26
14.7,53.55,77.37,68.59,82.67,75.81
18.5,59.47,45.63,73.05,96.57,60.08
29.2,88.57,68.19,91.73,100.0,81.6
6.7,92.07,55.21,82.97,79.27,65.66
21.2,80.88,100.0,52.96,85.16,85.06
6.9,82.22,85.7,97.88,56.02,80.89
14.4,51.42,65.3,57.39,66.1,65.41
25.1,91.43,53.1,87.28,69.18,69.45
15.8,89.41,75.75,81.81,59.58,75.12
29.9,62.95,61.78,59.38,67.54,67.41
19.0,85.43,77.89,58.54,69.57,77.1
13.0,60.74,94.02,93.52,100.0,88.29
10.5,52.02,80.1,70.98,87.69,77.44
13.8,60.06,82.17,82.73,76.26,81.37
14.3,58.93,76.75,75.2,100.0,77.87
6.7,66.89,97.65,86.37,62.84,88.74
14.2,70.92,100.0,73.96,78.24,92.5
16.6,75.43,75.74,64.37,86.21,75.7
23.1,73.84,65.28,68.17,56.87,67.68
21.4,63.53,74.0,92.95,91.43,82.31
22.7,51.46,58.0,73.4,59.39,66.05
5.2,80.26,79.74,60.67,60.65,67.31
10.4,69.79,73.13,96.73,63.78,76.18
21.5,64.93,52.65,89.83,100.0,68.75
17.1,93.35,56.99,52.78,87.33,64.53
5.1,87.34,70.31,99.95,88.77,77.45
25.1,92.89,100.0,84.75,82.85,93.6
24.3,74.75,81.27,58.01,68.12,74.53
18.7,56.55,86.5,61.86,84.75,81.09
6.7,84.81,62.35,84.62,75.59,72.47
24.2,60.3,81.54,88.99,62.61,79.43
19.6,72.06,72.72,61.95,88.2,70.95
24.5,53.25,86.9,62.85,60.25,78.39
23.8,91.27,50.17,65.36,63.45,61.02
25.1,56.3,77.13,79.9,95.67,82.61
18.0,95.15,63.16,58.59,86.53,66.05
8.5,93.21,62.12,55.21,84.86,64.26
21.8,73.23,100.0,83.94,75.95,87.45
20.5,87.22,57.11,88.95,75.15,72.39
23.6,80.97,65.75,75.05,89.01,73.98
9.2,90.15,73.35,68.19,91.09,73.54
9.9,71.59,94.75,71.6,79.81,82.13
27.3,89.29,73.19,69.42,100.0,76.26
23.7,73.12,91.74,98.0,100.0,93.42
27.7,97.05,99.69,88.4,75.92,92.11
24.0,74.32,65.8,60.4,94.65,71.3
19.9,73.13,69.54,69.21,81.31,76.44
21.4,89.25,67.81,77.2,80.22,73.41
27.2,91.08,98.13,80.65,57.59,87.76
19.5,77.72,48.51,73.41,83.1,63.24
20.8,58.99,64.75,90.51,100.0,73.41
8.9,73.39,83.43,88.38,94.31,86.45
16.8,98.4,78.97,75.26,93.84,83.32
22.9,87.65,73.05,92.72,63.56,77.94
11.8,90.56,75.94,87.55,73.17,76.38
10.1,51.64,54.89,88.93,67.0,63.68
12.8,73.39,69.68,97.82,71.67,75.41
11.0,82.33,73.4,63.32,82.78,73.3
10.4,91.5,97.19,63.38,72.04,86.37
15.6,52.46,60.33,94.45,83.7,69.26
27.7,92.62,100.0,88.61,77.25,96.22
17.7,77.42,83.96,96.33,70.11,85.29
9.7,59.87,44.13,53.16,57.96,50.23
6.9,65.86,85.55,81.39,99.47,80.88
22.4,64.1,48.85,57.23,54.0,56.62
14.6,76.54,100.0,75.19,54.59,84.44
25.5,52.58,100.0,57.79,94.81,90.12
21.5,57.93,64.29,56.4,100.0,66.88
24.9,90.63,62.91,50.61,89.4,69.0
11.8,56.63,66.43,81.51,55.65,68.35
22.3,61.67,68.06,67.95,65.41,68.76
11.6,72.67,65.82,55.26,100.0,68.32
28.5,75.86,67.65,66.14,94.4,76.02
20.9,88.18,83.54,58.45,81.85,76.67
13.1,72.37,53.79,97.08,67.66,66.15
11.7,89.49,94.27,66.0,54.68,80.25
9.8,80.92,91.68,66.7,55.04,79.69
22.4,55.65,75.31,91.99,86.12,78.99
10.5,57.82,94.31,82.39,56.03,80.11
19.9,71.85,60.8,85.51,100.0,71.06
11.6,69.84,44.53,81.8,64.08,61.35
21.5,87.18,83.6,97.31,91.38,87.93
25.4,79.04,75.09,60.35,61.37,73.34
24.5,69.41,81.38,99.45,82.97,85.03
24.0,58.54,100.0,91.55,59.52,90.82
9.7,61.34,100.0,79.45,93.11,89.06
7.2,78.78,80.23,83.12,84.24,80.37
22.5,71.17,92.59,82.44,59.26,85.66
14.2,75.75,49.29,52.92,95.61,57.16
15.8,58.53,54.38,60.9,81.0,62.05
5.8,83.15,85.73,98.07,100.0,82.23
11.5,92.63,69.33,76.72,100.0,76.12
5.8,62.9,68.5,68.92,100.0,68.53
27.0,74.58,66.62,88.1,59.18,73.42
11.1,98.78,79.77,76.23,60.62,74.58
18.9,66.66,56.78,50.66,100.0,63.8
6.0,79.75,79.41,86.81,79.59,80.08
21.7,54.51,56.94,86.61,67.11,70.04
13.1,80.3,47.76,58.26,91.98,56.3
27.4,54.48,68.04,97.83,69.08,78.32
27.2,97.96,62.03,61.2,90.03,70.56
13.1,85.78,97.27,72.89,96.23,88.26
27.5,89.41,51.55,55.74,92.55,65.04
29.9,85.21,59.57,80.16,68.51,69.82
25.6,79.49,80.6,68.77,74.21,80.27
26.1,72.5,76.69,67.66,74.72,74.61
11.2,92.92,46.11,91.35,80.04,62.41
19.4,97.84,46.26,50.48,61.4,57.2
6.7,74.95,100.0,89.9,78.01,93.1
7.4,96.58,81.75,78.57,80.25,79.62
30.0,79.17,70.92,99.3,82.55,76.05
13.2,76.92,72.19,79.47,95.77,76.2
23.7,72.72,63.1,52.77,79.04,66.47
25.2,60.46,68.25,52.53,64.69,66.88
26.5,50.19,86.89,94.16,88.81,88.25
29.9,62.08,100.0,92.06,95.39,95.12
11.0,75.49,54.35,67.29,70.01,63.09
6.0,69.0,92.22,80.9,87.12,82.86
15.3,72.42,51.88,74.48,61.82,63.62
8.3,99.03,55.39,98.36,73.0,71.8
5.6,67.51,43.91,97.5,100.0,61.98
14.0,72.61,52.65,99.19,100.0,68.63
24.6,56.68,100.0,93.32,84.37,94.7
19.2,52.4,73.33,95.48,90.85,77.49
12.8,88.77,48.5,60.86,96.35,59.93
21.4,78.53,100.0,91.55,100.0,97.71
10.8,88.04,95.98,85.44,79.62,90.13
5.4,57.49,86.9,98.14,83.97,88.28
24.1,78.59,100.0,78.56,75.49,91.32
20.6,62.68,59.39,54.26,56.86,60.25
24.1,61.4,97.41,79.87,75.93,89.28
6.0,50.58,83.2,84.33,94.59,80.62
25.9,56.52,99.96,61.02,93.9,88.69
20.5,65.46,93.96,69.71,98.8,87.35
19.1,55.84,66.52,79.93,57.37,67.9
20.6,99.29,92.64,68.71,80.48,86.53
26.6,65.43,63.73,68.75,59.5,65.29
19.7,56.52,65.63,56.65,63.44,64.13
19.5,59.95,52.32,97.04,100.0,69.92
29.8,79.39,100.0,87.52,80.09,90.0
23.9,53.2,64.63,50.06,90.93,68.62
16.1,93.12,76.07,88.28,58.52,73.71
22.7,98.07,70.29,86.99,76.06,78.67
14.7,62.34,100.0,50.49,86.74,82.1
10.7,72.5,63.31,68.48,60.78,64.61
19.9,51.11,92.68,80.34,71.11,86.05
28.2,82.04,99.78,72.64,57.59,92.79
28.2,70.7,74.6,88.9,87.9,81.34
13.5,63.5,66.74,71.27,100.0,68.31
18.2,60.34,90.32,57.69,94.81,83.88
10.3,82.7,97.86,98.82,100.0,93.75
29.9,70.81,94.27,62.1,96.01,87.76
29.5,58.98,62.48,85.88,97.91,75.9
21.2,84.46,99.66,57.16,82.29,83.03
25.1,78.25,70.78,66.45,79.9,73.72
22.9,92.93,81.44,72.1,74.64,79.41
19.8,55.87,95.83,59.61,94.48,87.74
6.3,89.28,53.19,72.5,63.45,62.35
16.4,83.68,91.99,57.86,56.28,76.56
21.9,55.75,82.34,77.95,100.0,85.08
21.9,84.74,100.0,83.19,55.18,90.45
14.3,72.08,54.61,53.12,100.0,59.66
28.5,97.25,73.79,93.56,92.05,83.32
9.2,57.08,92.73,59.26,69.98,81.3
17.5,82.14,46.4,61.27,88.57,57.23
22.3,69.1,53.42,83.07,95.87,71.05
22.4,97.84,100.0,73.44,66.68,86.78
21.2,66.5,63.18,74.97,93.04,70.05
11.9,98.11,100.0,56.41,93.6,85.67
8.9,95.07,53.62,90.29,67.89,68.37
20.9,63.52,67.94,80.85,56.95,70.25
20.0,90.18,91.17,56.77,63.62,78.46
9.5,99.78,82.32,68.7,64.15,77.7
22.6,62.63,81.65,90.52,58.69,82.01
16.4,71.84,76.71,78.42,91.01,79.85
21.7,76.01,97.12,55.43,72.33,83.66
25.9,64.75,61.87,68.64,98.34,71.38
9.2,50.76,69.31,62.13,66.34,65.54
5.5,61.01,50.98,75.87,77.21,63.71
24.5,64.1,83.11,92.17,87.48,87.47
20.2,72.18,61.09,71.81,98.18,72.44
22.5,58.56,66.78,71.67,80.53,72.84
26.0,93.66,76.08,95.27,74.4,83.27
25.1,85.25,49.14,78.81,98.08,64.45
29.0,54.26,54.22,78.31,70.21,66.94
18.4,82.5,86.68,63.1,57.76,78.44
17.2,82.68,70.9,80.39,77.07,77.35
15.0,97.81,96.39,78.8,93.98,91.87
8.8,50.15,84.32,69.84,55.73,76.05
19.3,62.4,46.28,99.53,85.26,62.75
11.9,96.39,80.57,94.09,85.37,83.18
28.0,96.61,54.02,87.48,100.0,71.19
19.6,86.03,92.74,76.87,68.93,86.12
19.8,88.29,100.0,73.1,68.33,88.09
13.9,54.57,76.04,59.24,75.57,71.23
6.3,75.69,82.86,65.29,71.77,76.6
5.8,61.58,55.98,88.7,92.14,66.58
15.6,59.06,70.94,72.69,86.45,73.48
7.1,90.52,93.5,94.11,93.6,87.22
20.2,56.75,56.11,57.4,94.44,62.38
27.0,73.43,64.03,75.42,100.0,75.32
27.1,96.93,74.86,82.35,76.49,77.42
21.5,59.29,89.18,75.84,100.0,88.38
10.3,98.9,65.64,94.46,66.45,75.09
26.6,99.71,100.0,99.48,91.69,97.58
27.2,77.78,53.83,55.79,80.05,68.57
9.9,58.51,65.22,56.5,94.24,69.24
23.4,65.81,89.56,56.52,77.23,78.94
12.2,71.22,57.22,84.06,94.24,70.28
25.1,65.47,86.91,68.63,100.0,84.46
29.9,64.03,58.82,86.67,91.81,71.24
5.8,98.61,45.1,70.27,93.02,57.71
27.4,57.67,55.48,81.38,58.24,67.47
20.6,86.67,100.0,88.49,65.56,90.48
29.3,50.02,81.9,77.41,100.0,83.22
16.6,79.81,92.76,76.98,89.28,85.36
26.2,95.8,67.82,54.41,81.33,69.51
6.6,64.4,77.54,70.54,72.58,73.33
13.4,59.28,73.72,77.29,56.86,72.82
6.7,82.58,98.75,73.1,72.85,81.37
29.4,85.63,93.67,95.04,80.65,92.58
25.4,84.4,91.45,95.33,66.29,87.76
26.3,65.97,50.67,91.1,64.13,68.33
28.4,62.61,81.5,68.76,79.55,85.23
7.1,97.8,70.15,85.86,84.45,74.68
14.6,96.16,100.0,69.76,66.19,84.23
6.8,72.87,57.48,61.63,83.07,62.89
10.3,92.31,59.28,67.15,99.05,67.44
10.7,72.62,67.89,53.55,76.87,70.35
16.7,71.22,59.61,66.59,96.87,70.96
11.7,57.84,51.26,73.04,100.0,65.16
7.5,71.32,93.69,97.77,60.49,85.48
9.2,76.87,76.26,65.67,58.73,72.72
8.7,51.13,94.29,95.12,79.51,88.26
29.3,72.21,98.66,61.44,83.1,88.88
24.0,89.07,64.12,59.55,74.86,65.65
29.2,84.0,81.62,75.95,70.88,83.29
16.0,81.76,49.79,83.63,87.07,65.37
12.0,95.48,98.52,52.22,53.23,81.24
25.0,50.9,71.76,61.05,100.0,73.03
13.2,77.85,67.58,72.78,65.97,68.2
12.5,89.37,61.92,66.55,99.84,70.04
10.8,77.07,70.88,85.63,60.59,69.63
8.2,66.19,57.57,75.56,66.43,65.04
11.4,56.81,65.91,58.02,65.22,62.7
13.9,94.38,92.17,94.72,100.0,87.63
21.8,73.54,96.6,64.65,54.11,87.03
6.6,93.91,60.23,86.56,87.17,68.62
10.3,79.29,71.23,89.0,98.82,76.47
25.2,83.71,99.99,98.16,89.5,98.78
8.7,90.21,45.77,74.93,72.64,62.39
13.6,82.96,97.43,80.79,100.0,88.21
26.6,69.9,61.13,66.74,98.68,68.73
8.9,75.68,83.38,83.91,76.73,78.92
7.1,90.15,77.08,73.17,83.06,77.88
17.1,68.68,78.31,71.88,100.0,82.2
12.6,69.41,95.34,92.77,100.0,89.49
19.1,54.78,51.82,52.51,75.64,61.07
25.1,95.73,68.35,94.1,98.02,79.08
8.4,54.55,74.82,92.6,70.66,76.67
19.5,82.41,94.53,75.32,73.11,84.21
17.6,70.66,58.27,74.51,62.71,64.91
8.6,70.28,90.76,68.09,64.55,79.68
20.6,83.98,70.16,99.71,88.82,79.61
11.8,53.35,54.87,55.56,78.87,60.4
17.2,79.69,90.7,79.51,66.33,82.23
7.1,88.6,47.58,84.08,75.19,59.93
16.5,91.41,75.84,96.72,74.46,81.56
12.7,58.53,47.64,89.01,100.0,67.39
25.6,94.87,69.07,82.19,97.61,78.46
6.4,82.81,77.98,55.84,72.75,72.69
15.5,94.09,78.02,68.69,99.82,80.58
16.5,74.26,69.23,56.94,70.55,69.97
23.1,77.1,72.67,94.06,89.04,78.83
19.4,95.95,59.43,87.48,100.0,72.17
21.7,95.0,73.86,87.88,74.78,77.77
24.4,72.41,100.0,82.61,88.95,96.61
26.6,63.72,99.01,75.35,69.32,89.94
12.8,69.66,52.55,57.5,66.77,59.26
18.5,69.39,47.34,66.48,82.7,60.68
26.0,64.34,100.0,56.85,100.0,86.7
29.7,63.43,80.51,86.25,77.83,86.26
27.2,93.05,80.43,58.01,100.0,81.27
14.3,53.49,91.13,85.11,100.0,88.75
9.9,83.88,61.85,84.61,67.77,65.48
17.2,58.64,74.07,72.97,74.47,75.41
23.5,67.23,100.0,56.76,85.58,86.64
17.3,53.08,85.52,65.74,79.84,76.55
17.1,63.5,54.35,66.0,58.76,58.82
26.0,88.42,55.79,85.02,100.0,69.65
14.0,94.25,56.46,55.69,90.97,61.57
26.5,61.08,93.95,91.45,77.37,90.23
15.2,73.18,62.28,88.05,86.19,71.36
13.2,73.52,45.24,59.32,57.94,54.75
16.3,93.68,100.0,85.96,79.93,95.34
24.1,88.14,57.41,83.43,100.0,71.99
8.2,75.65,43.03,87.41,100.0,57.88
9.9,83.54,57.2,59.45,70.44,61.28
28.8,92.37,62.74,57.88,80.04,71.25
9.4,50.48,68.14,61.82,88.58,68.31
19.2,70.14,100.0,68.29,71.1,90.22
19.5,95.36,98.6,89.68,58.62,91.37
17.2,87.02,72.57,86.9,80.48,74.25
21.1,77.14,70.98,96.27,85.86,79.65
10.7,76.48,76.51,52.93,53.47,69.37
18.8,67.39,60.25,50.58,57.81,63.16
14.3,76.03,47.42,84.96,65.46,64.72
21.5,82.77,100.0,63.96,71.24,89.17
8.5,70.92,53.75,66.7,81.05,62.46
19.3,85.71,57.69,77.34,69.33,68.28
9.6,93.06,71.23,55.12,67.12,68.08
12.0,57.73,73.1,82.13,98.4,74.09
10.5,72.58,44.26,66.26,61.23,54.87
9.6,70.4,51.76,81.64,79.67,64.15
25.6,84.37,70.37,91.7,100.0,78.58
12.1,62.49,84.65,58.56,84.76,79.7
28.2,82.01,62.17,96.54,91.65,78.72
29.2,93.87,74.14,76.53,76.15,75.84
19.3,70.91,79.23,96.15,56.77,82.7
8.6,95.55,95.9,60.39,85.93,83.94
14.4,99.66,63.88,80.23,86.41,71.0
24.9,55.3,55.48,70.19,59.73,65.11
14.2,61.65,73.62,88.71,78.43,76.68
7.2,97.52,86.96,80.3,100.0,88.46
18.9,97.92,52.26,74.73,64.73,61.98
26.1,54.89,73.31,95.65,78.79,76.49
24.9,50.75,48.54,68.86,77.19,60.28
9.4,58.06,44.83,61.0,94.2,58.27
21.8,99.8,75.52,80.41,96.05,79.27
10.5,59.0,61.04,81.2,92.83,66.92
10.5,75.13,93.86,71.95,72.59,84.1
26.9,92.42,84.2,74.33,58.06,78.23
11.2,51.02,70.6,97.98,73.35,76.01
11.6,80.22,67.96,86.63,89.19,74.21
5.0,63.85,71.33,55.53,88.47,69.69
26.8,93.12,50.47,60.61,100.0,62.23
24.8,64.17,100.0,98.78,78.61,97.15
20.7,84.34,100.0,86.32,86.8,93.02
23.8,83.71,58.03,95.75,82.7,74.27
8.8,61.07,49.86,65.19,61.44,58.61
16.5,51.74,53.56,87.09,78.29,63.55
13.8,70.46,83.8,85.7,82.38,84.01
7.3,64.46,81.88,64.73,100.0,75.16
17.2,90.45,96.04,77.54,72.98,85.19
28.0,90.02,93.51,81.37,100.0,95.52
6.0,72.85,68.78,74.06,81.56,72.86
12.3,80.33,80.46,91.36,67.6,84.12
10.2,80.21,84.36,91.64,65.08,81.06
11.0,91.36,74.06,92.53,62.63,76.97
27.7,71.25,76.85,90.17,78.06,82.44
16.7,63.77,83.72,74.4,55.56,77.47
16.7,63.25,78.46,69.07,76.39,74.47
24.0,76.81,85.84,91.57,100.0,86.79
8.9,72.46,79.44,74.51,87.98,78.13
17.2,72.01,88.31,62.32,91.73,79.92
15.7,54.56,83.28,75.37,60.47,75.36
19.9,85.93,77.15,57.09,77.09,75.18
30.0,60.69,89.91,84.58,69.38,86.19
24.2,59.85,74.23,66.8,98.71,78.44
14.9,70.64,58.97,63.03,62.84,62.07
25.7,61.39,47.8,97.83,78.81,65.65
9.3,79.19,76.39,88.84,84.73,79.65
5.8,68.57,77.18,89.35,81.06,76.42
10.1,72.45,100.0,81.19,96.38,89.86
13.5,76.86,65.74,91.96,67.09,71.36
17.8,60.18,68.99,87.96,74.15,73.86
20.4,57.79,58.23,79.94,94.4,72.78
27.8,94.02,52.57,98.06,82.28,68.88
17.7,71.69,91.68,59.58,73.68,83.75
17.5,70.6,60.23,97.17,57.3,71.32
6.3,51.78,78.42,70.07,91.87,78.35
5.9,74.9,83.04,76.42,100.0,86.75
18.8,77.71,73.91,56.14,84.38,75.45
16.0,77.94,97.38,77.01,97.45,91.97
26.0,85.35,74.43,80.56,80.67,76.45
9.0,58.87,59.79,99.89,67.57,67.16
5.6,62.61,95.44,98.76,56.65,87.27
16.2,90.54,96.55,98.32,88.57,90.34
10.9,97.36,53.11,67.42,78.71,63.88
6.2,56.8,43.42,99.56,95.07,58.96
23.1,74.88,52.33,72.77,89.1,67.72
7.8,60.71,59.53,92.59,100.0,70.57
20.2,53.0,100.0,60.82,79.17,86.46
12.0,66.28,77.11,75.29,75.88,74.21
9.3,57.18,65.19,98.3,70.24,68.67
14.5,85.5,97.67,97.35,79.68,94.78
25.0,76.69,74.69,84.19,98.69,83.62
14.8,57.19,63.35,89.89,57.51,68.54
23.8,50.46,100.0,58.82,100.0,89.81
8.1,90.41,93.4,86.08,100.0,88.58
24.3,58.81,97.91,80.9,84.74,91.05
10.9,80.31,74.01,54.58,69.85,71.16
21.9,66.85,93.94,55.66,64.49,82.35
19.1,79.27,56.49,55.42,67.15,64.13
28.2,65.78,82.85,86.22,57.68,82.54
14.7,54.35,100.0,57.09,77.19,84.47
6.7,61.15,59.47,73.39,57.27,61.3
5.5,59.4,89.31,67.85,89.99,79.9
25.7,71.4,77.14,77.53,73.25,79.84
18.1,82.91,47.82,85.32,65.09,59.7
24.4,63.19,93.1,84.24,82.29,90.6
10.9,50.6,53.38,75.78,100.0,64.23
13.6,75.95,81.97,73.22,89.15,78.38
5.8,80.29,46.88,69.89,78.78,56.23
29.0,98.14,100.0,93.1,94.44,98.75
21.7,79.47,64.01,66.54,90.86,70.73
28.3,73.56,62.08,62.97,98.37,73.68
11.6,78.67,51.23,87.17,65.46,61.07
20.3,96.4,100.0,67.99,97.02,90.3
22.0,91.42,89.31,92.35,70.59,87.44
12.9,66.15,88.37,66.39,100.0,81.23
26.2,61.86,77.82,85.1,69.16,79.4
28.7,63.13,77.09,52.26,99.48,77.01
27.1,75.22,54.73,69.28,100.0,68.95
23.5,87.2,80.64,67.16,61.3,80.04
11.9,75.16,58.38,90.83,100.0,69.1
12.0,53.39,100.0,98.35,60.19,90.66
29.1,86.18,96.52,73.04,65.31,86.97
5.3,90.3,66.37,91.24,77.68,73.82
22.9,64.47,55.95,84.98,100.0,71.34
22.7,83.21,93.93,98.37,80.33,90.2
20.6,71.33,53.5,90.56,82.95,66.7
29.8,94.46,60.3,53.87,87.95,69.01
12.8,92.26,56.53,85.66,100.0,70.48
13.5,76.27,77.46,76.77,93.78,78.26
7.0,84.58,89.32,50.82,64.26,77.34
16.1,94.17,63.69,62.57,68.9,68.51
11.5,74.79,48.53,96.09,60.65,62.01
13.6,65.66,71.95,96.3,88.0,76.84
25.9,87.68,92.66,89.94,64.44,86.43
28.4,61.0,61.82,99.09,68.82,73.9
9.6,69.43,56.08,90.33,99.83,66.9
14.3,93.29,100.0,50.51,69.37,84.1
28.2,86.22,100.0,64.39,82.19,92.29
6.5,70.19,100.0,51.53,72.97,81.52
7.3,60.74,90.65,54.71,56.98,74.82
9.1,67.8,54.02,60.94,71.8,63.39
19.9,64.21,58.69,75.18,74.91,69.73
8.8,58.8,63.05,92.38,100.0,71.67
29.2,87.17,67.85,93.1,71.81,77.74
16.2,62.6,100.0,80.81,73.81,89.84
17.5,72.71,92.59,96.41,94.92,91.55
11.2,69.29,86.8,75.0,92.45,85.87
16.8,99.1,56.2,94.45,95.58,72.62
21.5,69.55,100.0,72.7,100.0,92.11
23.8,54.0,96.81,63.86,93.61,88.6
23.8,54.49,56.96,95.82,76.13,72.56
19.4,79.54,98.09,69.4,95.24,91.32
27.6,79.97,64.61,75.17,79.94,73.6
25.4,70.94,52.47,66.44,67.88,59.48
23.9,71.59,86.58,83.14,70.14,82.9
6.4,52.7,81.15,99.75,67.18,81.53
5.2,75.83,47.26,51.28,60.33,53.12
10.3,75.24,62.22,94.99,64.92,71.91
21.6,57.48,100.0,50.2,56.17,85.69
15.3,55.19,85.3,68.21,98.51,78.93
15.1,56.18,88.33,58.43,100.0,83.15
27.1,55.05,60.91,87.87,84.61,71.79
27.4,80.49,52.95,52.53,95.17,65.38
27.7,59.82,64.92,77.67,63.84,70.6
12.8,62.57,58.77,64.75,98.96,70.21
22.3,58.68,60.76,56.68,78.72,65.29
11.8,97.89,55.11,88.59,58.68,64.7
9.8,92.73,77.43,60.87,60.72,72.93
9.6,61.52,62.57,61.18,69.12,64.41
13.6,66.38,93.3,63.75,56.0,82.31
15.7,60.49,55.75,79.34,70.22,65.6
25.8,74.59,75.62,82.98,57.98,81.71
8.0,50.98,43.22,50.88,64.85,50.11
23.4,83.57,75.92,62.09,67.01,73.99
18.3,76.16,48.84,71.55,100.0,62.75
12.2,94.93,100.0,66.6,65.78,86.49
17.3,58.22,92.63,94.21,67.61,87.64
12.5,90.21,73.16,89.39,89.7,79.32
19.9,89.6,51.17,81.29,97.85,67.73
15.8,56.36,80.29,66.9,73.36,74.51
9.1,69.93,88.26,85.03,98.88,83.9
7.9,58.51,53.81,92.18,72.54,64.33
18.7,62.74,79.7,79.74,64.63,79.77
27.6,63.16,97.13,89.22,71.83,93.6
13.6,77.81,90.17,87.46,85.72,86.59
23.3,70.57,95.17,78.59,73.08,85.94
21.5,97.39,99.21,65.61,87.58,89.59
28.3,56.32,100.0,87.29,67.09,95.46
25.5,98.68,71.98,60.34,88.67,76.92
19.2,61.53,79.89,88.97,72.71,81.44
21.4,88.64,93.86,90.23,78.2,92.02
27.5,66.95,90.08,91.11,83.36,91.92
15.0,57.15,100.0,73.65,88.73,86.85
13.2,92.89,44.78,59.62,65.52,54.85
5.3,65.44,62.9,54.99,95.1,64.01
25.7,82.94,64.57,87.17,91.32,76.99
25.0,78.32,63.24,94.31,67.36,73.98
7.6,73.59,55.63,82.54,100.0,69.08
19.4,74.79,88.37,57.21,86.67,79.98
16.6,86.61,50.07,96.74,78.42,69.79
8.0,54.39,86.9,99.46,63.85,82.87
29.5,83.41,90.46,71.67,80.96,87.6
10.4,94.79,58.17,79.74,63.02,68.16
6.7,52.89,57.18,88.86,76.8,68.28
19.9,57.03,83.7,86.82,75.65,82.94
23.5,85.83,92.78,98.39,91.9,94.45
5.8,71.86,94.33,55.74,62.96,82.1
21.5,70.18,97.58,79.04,95.83,92.13
18.3,56.85,100.0,84.6,71.39,88.44
7.6,75.34,77.16,94.5,77.87,80.26
9.3,56.33,97.31,93.71,94.24,90.93
19.2,73.83,94.27,98.9,87.2,87.68
12.4,88.18,97.4,75.6,69.94,87.73
28.5,62.91,49.25,91.54,74.8,66.64
25.5,74.04,100.0,71.36,69.57,91.19
29.6,99.6,77.29,71.12,84.01,78.8
11.5,84.33,91.34,62.67,70.39,78.06
29.2,92.07,56.39,90.91,91.73,73.6
15.8,70.74,68.5,99.29,84.95,78.14
13.7,88.39,60.4,62.82,61.06,64.12
6.3,52.03,59.39,52.81,68.68,59.52
6.3,56.15,49.29,90.78,66.52,59.33
22.3,60.15,95.04,81.01,74.38,87.35
16.4,70.1,45.47,97.98,81.68,63.96
10.7,92.29,61.96,62.61,79.1,68.32
20.3,67.31,56.55,53.55,90.94,64.24
11.3,82.73,78.73,74.62,63.94,75.13
19.4,85.47,61.08,54.27,100.0,70.89
14.0,79.31,59.74,63.09,70.93,63.86
25.6,67.86,76.98,56.3,68.39,74.52
25.5,78.85,86.81,61.21,87.93,81.9
16.9,67.11,52.35,55.31,93.6,64.37
13.8,54.19,54.67,97.7,74.78,67.77
14.1,99.64,59.06,63.93,91.18,67.43
25.1,56.36,100.0,72.19,98.52,91.2
13.2,53.62,67.79,94.93,94.04,76.38
10.2,93.93,79.0,83.87,56.74,79.34
7.1,65.09,56.62,80.9,96.22,68.61
16.7,82.51,74.44,85.28,93.84,79.57
17.1,66.45,49.58,91.44,88.95,69.47
26.0,69.57,49.88,93.88,93.63,70.7
10.5,63.11,71.27,82.13,100.0,75.17
14.5,67.15,68.27,94.5,77.23,72.61
25.2,70.54,55.77,76.77,57.97,64.25
25.6,86.02,88.94,63.86,76.87,83.77
14.6,75.58,100.0,94.0,57.96,91.46
16.5,97.18,68.69,77.07,69.33,75.38
12.6,52.09,81.25,95.31,85.06,80.1
28.3,75.15,100.0,52.01,68.6,84.92
8.0,79.21,92.29,69.88,88.46,81.68
28.3,96.01,76.3,97.39,96.94,83.22
22.1,52.46,90.88,62.48,74.77,80.34
18.3,78.67,53.18,97.08,100.0,71.89
5.8,92.68,72.47,97.7,59.85,77.24
16.9,62.1,61.81,94.11,97.66,72.27
15.2,93.81,54.23,78.18,96.12,66.32
9.0,50.95,68.28,82.35,71.04,67.24
21.4,86.62,54.28,93.48,70.55,69.22
29.3,96.66,90.73,88.79,70.58,87.79
19.1,82.86,73.1,81.5,95.46,81.78
22.9,71.95,78.74,99.11,97.53,86.23
6.7,52.24,50.79,84.28,71.55,61.0
15.4,96.01,53.01,98.77,85.56,68.94
7.9,73.51,77.37,52.87,60.12,66.57
20.3,51.45,100.0,56.95,76.86,82.63
28.5,84.49,54.33,72.57,100.0,67.94
21.5,74.09,63.59,69.24,62.09,66.41
6.9,56.22,94.24,89.14,100.0,86.82
13.9,60.71,48.51,58.03,94.69,59.83
18.8,53.22,98.19,98.8,100.0,95.51
15.1,78.71,75.99,65.75,62.92,72.0
25.8,81.1,72.24,71.45,64.97,77.71
25.4,75.29,66.2,63.74,54.66,64.71
20.3,90.86,63.92,78.97,90.98,73.46
14.3,93.05,62.64,52.93,85.38,65.73
11.4,80.78,96.51,57.48,62.35,80.58
7.6,50.64,85.71,87.29,94.8,81.8
13.9,84.76,84.35,59.33,68.52,76.72
15.3,70.9,92.51,61.78,60.46,79.92
21.9,78.28,62.0,89.65,76.51,71.84
21.5,82.45,83.53,54.67,57.83,73.03
6.8,67.51,69.64,71.87,67.47,66.21
14.9,95.85,91.42,51.15,71.64,79.37
9.5,56.7,61.41,67.34,96.63,66.33
8.9,83.58,81.26,84.95,94.73,81.53
25.7,50.22,100.0,54.51,75.41,85.23
6.0,96.23,65.93,94.42,91.9,74.3
15.5,55.63,48.65,95.47,84.16,64.93
9.2,54.74,73.72,55.25,70.36,66.79
27.0,66.65,68.86,99.54,92.26,83.04
18.9,68.68,86.0,64.88,88.06,79.44
10.8,60.72,100.0,54.21,84.2,83.53
17.6,79.26,74.42,50.25,83.92,70.38
23.3,72.15,74.96,70.43,88.38,75.66
29.0,51.71,87.98,81.49,74.12,84.74
10.5,65.98,49.36,66.61,97.45,60.97
27.2,90.52,63.37,91.84,63.63,72.92
28.4,84.49,100.0,85.83,99.34,95.4
27.9,86.24,88.57,67.51,71.16,81.95
20.9,84.91,47.08,86.72,61.45,63.3
20.7,65.55,58.49,97.02,85.82,76.2
15.1,54.98,85.5,54.65,72.08,74.13
23.8,63.62,93.0,65.31,94.69,86.82
18.3,91.59,95.88,73.17,75.93,87.46
21.9,99.02,64.1,74.9,87.92,74.21
15.7,74.69,100.0,77.11,70.04,89.84
23.3,50.49,80.17,65.03,64.37,75.68
25.6,57.0,89.47,83.36,74.4,85.45
8.7,66.1,78.41,82.25,85.28,77.26
25.8,78.93,55.1,78.89,87.58,67.27
18.5,53.75,100.0,55.69,82.25,85.13
26.1,97.17,55.2,73.85,100.0,67.54
15.8,68.25,60.03,67.81,88.62,66.04
14.5,95.63,93.17,74.55,100.0,90.36
27.9,89.03,85.49,96.09,61.67,86.43
11.3,87.77,93.68,74.03,57.51,84.71
26.1,80.34,78.77,50.7,68.59,76.74
17.1,81.34,67.75,71.94,61.15,69.58
17.9,81.9,100.0,91.03,81.75,93.54
12.7,81.44,45.99,89.0,81.29,62.41
19.3,77.69,97.16,75.67,83.29,87.39
13.1,99.32,57.78,62.49,91.01,64.27
6.0,86.61,92.72,73.25,100.0,87.54
11.8,88.85,51.89,78.19,98.6,66.45
5.2,93.62,76.37,99.99,61.92,81.92
29.5,60.78,100.0,82.21,71.86,93.29
29.1,54.19,77.14,84.71,67.87,77.62
14.9,74.14,89.26,74.57,63.31,83.01
23.2,75.7,95.24,67.72,81.3,86.15
13.6,91.46,88.27,90.65,83.1,88.91
21.8,72.19,100.0,74.75,65.84,87.67
25.1,78.54,74.34,99.73,91.57,81.29
28.7,76.35,59.0,72.86,91.02,68.89
15.0,51.91,47.37,53.4,54.25,51.73
24.6,80.76,62.17,84.13,74.84,70.42
11.6,91.4,52.07,52.33,97.65,60.09
29.8,57.88,82.42,62.53,79.77,80.69
5.6,79.72,52.78,67.69,71.44,63.52
20.1,79.68,48.37,86.97,67.9,61.13
21.5,58.21,48.61,74.71,66.65,62.94
22.2,56.17,96.55,51.43,58.08,79.92
8.0,99.0,77.89,80.84,95.71,80.57
28.5,69.69,70.04,70.57,58.56,68.95
9.5,61.37,96.5,96.09,70.38,89.71
20.6,58.57,50.39,74.98,56.78,56.64
10.6,83.38,100.0,85.45,94.2,92.81
12.7,80.47,80.79,60.94,55.62,73.86
18.7,82.18,56.62,88.05,70.7,68.75
15.4,54.4,85.36,86.05,83.82,81.63
9.0,94.68,88.5,95.2,76.19,87.27
9.3,69.46,68.55,51.69,67.21,65.98
15.5,65.67,96.35,72.38,68.1,84.67
23.9,73.12,56.21,83.96,94.93,71.73
27.4,69.5,64.95,54.76,100.0,70.34
7.1,93.18,47.74,70.53,71.63,59.86
14.8,96.46,57.09,97.11,57.79,68.72
7.5,65.17,56.57,71.8,56.14,61.46
5.4,93.2,96.68,99.27,93.92,93.68
21.5,89.08,51.14,52.84,80.79,59.81
20.1,96.54,71.67,85.89,94.33,77.08
9.1,62.29,74.67,79.05,89.61,76.34
10.8,78.85,97.16,75.03,99.88,91.37
5.6,63.73,100.0,98.54,100.0,94.22
25.9,91.2,92.97,56.48,92.81,86.3
29.4,50.27,100.0,94.8,79.45,94.16
8.4,78.24,89.75,84.56,70.48,84.83
10.8,66.96,100.0,62.95,79.13,85.28
26.7,66.13,90.45,95.08,80.8,88.71
28.2,82.25,53.25,71.46,84.8,68.6
15.5,92.57,68.77,90.71,64.74,73.66
6.3,80.46,80.69,69.44,86.95,78.87
6.0,92.66,62.84,92.55,78.38,73.74
19.3,63.23,62.19,81.83,85.92,72.15
14.8,75.98,79.08,57.05,65.4,70.59
5.7,72.53,97.72,82.48,76.67,87.31
19.6,50.58,47.98,59.57,64.08,56.03
5.3,77.84,87.74,70.6,98.01,81.16
24.7,83.08,90.77,58.51,77.91,83.04
12.7,79.6,100.0,51.1,64.32,84.07
6.0,86.81,97.64,60.59,55.7,80.58
19.7,78.57,91.64,76.82,88.4,86.51
14.9,53.34,75.69,74.08,65.17,72.97
29.3,55.82,61.05,75.07,100.0,74.25
18.6,79.82,78.29,62.38,80.43,75.47
11.9,63.75,89.49,84.26,69.51,80.83
22.7,53.98,100.0,85.21,87.99,89.39
11.8,71.48,90.92,67.9,67.83,81.56
27.6,77.72,60.0,94.06,96.65,74.03
14.4,66.44,80.3,82.2,70.34,79.71
18.7,86.02,65.54,85.65,100.0,73.5
6.3,82.19,42.44,63.87,84.09,54.49
15.7,66.64,56.72,50.03,95.22,60.1
25.8,87.74,54.53,93.27,59.24,69.32
25.1,82.43,98.09,91.12,72.88,93.66
10.6,81.87,58.69,56.16,90.24,64.69
10.7,77.67,60.29,68.71,86.87,64.78
25.4,50.57,100.0,83.07,64.69,88.35
28.3,84.83,71.24,82.61,72.77,77.56
7.4,68.8,42.8,93.02,68.75,56.11
16.3,97.13,61.92,57.01,84.09,66.47
13.4,90.9,51.18,71.5,71.52,64.7
26.8,79.38,54.21,54.86,68.74,61.45
7.1,62.61,46.78,69.48,64.54,53.32
10.3,60.19,78.69,50.76,73.5,69.8
23.8,67.02,58.5,94.91,65.47,69.2
6.3,73.83,63.56,76.35,100.0,74.5
17.3,64.8,96.91,92.49,63.28,92.09
16.1,75.75,70.29,53.0,98.85,72.61
13.4,58.27,98.96,61.37,75.1,83.77
14.9,98.89,74.35,62.97,72.67,75.56
18.2,55.4,69.39,69.33,65.73,67.74
9.0,96.6,87.72,90.14,87.2,88.12
19.3,95.68,50.18,69.33,88.44,65.67
25.1,76.27,52.9,60.23,76.99,62.29
24.0,86.25,86.32,53.25,55.98,79.19
8.8,71.8,71.86,53.97,99.17,70.05
8.7,81.5,90.03,88.0,100.0,85.24
11.7,67.03,98.49,72.24,75.88,88.24
14.0,65.06,67.5,86.31,85.86,73.79
15.2,78.91,80.34,84.11,77.56,81.42
22.0,74.91,76.64,56.77,69.5,76.6
6.4,78.98,100.0,57.14,57.3,80.59
5.9,64.33,91.64,87.77,78.07,84.6
14.8,68.35,99.14,86.06,96.08,95.09
22.4,54.19,61.98,68.9,54.98,66.58
9.8,52.61,89.29,53.87,82.34,76.42
21.0,62.67,62.23,50.6,97.08,64.78
11.5,53.71,55.97,64.41,64.74,59.44
27.2,55.19,100.0,50.46,62.19,82.34
27.4,90.65,49.38,61.5,92.3,64.03
12.4,51.94,100.0,70.98,67.01,85.65
10.7,82.95,52.17,56.07,62.96,58.24
15.3,63.63,93.76,55.21,72.21,79.12
11.0,93.58,59.86,94.82,75.32,70.96
21.8,74.25,67.58,79.27,98.47,71.87
25.7,65.28,60.72,96.72,86.72,74.7
21.8,75.88,81.67,67.29,74.34,80.62
25.6,69.1,68.57,83.86,81.75,73.1
14.9,78.22,83.91,60.23,100.0,80.83
8.9,55.73,43.61,80.92,60.52,55.05
23.4,99.85,50.88,56.48,63.78,61.58
14.0,71.28,50.18,50.1,100.0,59.82
21.8,67.41,71.68,96.58,100.0,81.85
11.8,85.51,92.43,77.74,63.52,83.84
7.0,68.19,95.39,96.35,63.04,89.75
29.8,91.66,63.63,66.69,75.05,71.44
8.9,72.71,77.13,66.39,56.47,70.26
29.7,85.98,95.01,70.03,86.95,89.38
29.4,55.37,66.15,85.3,58.99,71.7
24.8,92.31,71.98,78.29,57.6,75.1
21.5,86.79,77.89,96.27,80.04,82.21
19.4,60.59,53.91,51.27,100.0,60.94
26.7,57.26,49.57,85.41,76.46,65.41
12.2,65.81,52.83,66.52,71.81,60.65
16.7,98.8,82.62,59.01,100.0,82.17
20.5,62.84,50.57,75.52,81.13,62.58
15.3,72.81,55.97,75.25,73.28,61.18
15.7,51.5,64.98,56.85,72.7,64.57
13.3,69.86,48.66,60.09,63.36,53.5
19.1,78.57,57.23,70.41,79.83,67.0
26.3,97.66,100.0,70.44,76.17,87.58
10.0,75.84,44.16,65.88,67.49,53.54
28.4,90.96,87.73,57.43,61.48,79.48
22.2,77.36,69.72,50.22,68.57,71.17
25.6,52.04,88.04,98.51,81.34,86.2
18.9,65.75,80.99,97.17,58.75,81.23
24.5,78.78,60.76,74.18,62.14,68.95
5.4,97.53,92.45,99.75,100.0,94.05
25.5,92.96,77.17,83.68,82.16,82.82
6.0,61.42,91.15,53.44,56.38,77.63
27.2,61.01,72.52,55.89,88.0,74.71
29.8,60.06,100.0,95.81,58.84,90.46
12.4,96.12,89.95,81.5,91.83,87.37
10.3,92.63,100.0,92.16,93.03,95.32
24.1,88.74,78.09,94.91,88.24,82.46
11.3,69.64,71.81,72.4,90.95,72.77
26.6,75.22,93.31,52.43,57.55,79.28
7.6,73.22,95.1,59.41,89.9,84.64
8.1,62.67,100.0,53.33,60.03,80.96
29.5,75.25,68.32,59.44,70.55,70.07
21.8,51.52,94.46,70.53,100.0,85.18
26.2,56.59,60.5,55.91,78.49,65.18
13.1,94.33,76.66,58.34,100.0,75.01
21.9,87.58,57.36,72.29,58.79,65.72
19.9,71.14,66.81,67.01,77.9,68.16
20.1,75.86,100.0,73.38,57.52,87.62
22.1,68.5,55.4,71.46,85.8,65.34
19.4,87.04,83.76,82.22,58.87,78.49
15.7,89.21,80.29,96.86,64.58,79.37
11.9,88.16,50.81,55.39,66.26,55.44
24.2,86.13,66.82,54.96,90.74,70.34
10.7,60.23,76.99,92.64,63.76,77.33
22.3,66.9,57.92,75.32,96.85,69.9
10.8,73.49,91.28,88.32,61.9,84.86
20.6,66.54,100.0,60.77,55.41,82.91
23.7,87.75,60.0,91.44,75.24,74.4
10.5,66.47,54.36,96.19,100.0,68.98
6.5,56.91,69.25,81.77,60.43,70.51
8.3,69.95,87.36,55.29,58.41,74.59
20.1,99.0,62.93,94.76,93.25,77.12
26.2,61.29,49.05,89.62,70.99,64.68
6.1,80.61,74.3,87.54,91.11,78.43
23.4,71.65,100.0,51.84,63.11,84.12
13.5,53.55,67.53,89.95,78.4,74.81
17.0,74.39,70.31,56.9,66.67,67.13
28.2,85.11,100.0,61.12,76.25,85.41
13.3,75.66,85.67,78.86,93.18,81.51
16.6,93.61,88.13,63.25,91.9,84.83
5.3,64.45,75.35,83.07,80.77,75.17
7.0,54.31,100.0,80.4,100.0,90.19
11.5,96.83,84.78,55.41,66.51,74.13
5.7,68.91,95.41,82.8,66.99,85.03
20.8,78.82,88.2,96.2,86.46,86.8
15.7,89.6,88.82,58.06,84.54,79.46
18.7,66.22,63.03,79.85,57.12,67.36
9.4,85.81,61.03,67.09,84.42,67.58
12.4,56.77,90.7,72.98,73.1,82.81
21.6,64.56,64.28,64.35,91.23,70.94
29.1,57.24,82.5,67.71,94.47,78.58
6.3,90.56,56.85,51.45,80.7,60.78
27.3,61.13,97.21,99.08,56.03,90.81
19.4,85.87,52.45,81.24,86.69,63.98
19.1,97.16,95.5,75.04,91.94,89.65
17.5,76.39,81.41,69.19,66.6,76.64
6.7,77.0,53.22,76.97,77.85,63.9
7.2,73.05,74.68,69.01,100.0,75.3
20.0,66.29,62.95,68.0,68.99,66.25
13.5,73.78,63.46,73.2,65.55,69.12
27.9,80.14,69.46,63.8,64.37,67.25
15.2,99.3,48.36,59.0,81.48,59.57
8.6,96.89,100.0,77.83,100.0,88.32
22.9,93.11,48.76,92.14,85.96,66.09
12.3,94.46,83.44,57.64,68.63,77.06
18.1,73.39,67.7,51.64,85.03,65.98
22.4,82.87,85.48,62.34,84.98,78.38
27.5,94.75,69.62,98.99,85.79,85.53
24.8,69.65,87.87,91.44,63.46,82.92
21.9,98.09,90.32,79.79,86.52,90.79
22.0,70.79,88.03,96.46,77.3,87.23
28.6,80.05,55.42,72.26,55.27,63.69
12.4,85.49,83.13,99.16,82.94,86.11
5.0,97.53,58.3,64.82,100.0,68.77
11.8,62.23,45.27,62.02,71.21,53.22
10.4,87.31,68.01,81.9,100.0,74.27
21.5,76.04,72.46,68.91,58.94,73.71
20.8,63.43,74.27,81.32,91.5,78.84
19.8,88.83,88.23,65.25,59.64,82.23
5.4,77.61,60.15,80.9,68.53,67.17
23.2,83.05,65.88,63.79,82.37,74.1
13.1,66.15,47.56,52.55,82.79,56.72
21.6,74.06,87.69,95.61,94.5,89.53
18.9,80.87,79.74,94.16,86.42,84.16
13.6,70.25,65.05,98.54,85.59,74.85
8.4,59.92,84.83,85.83,100.0,85.03
7.4,98.08,74.46,84.14,77.66,77.1
25.8,75.57,75.89,77.95,65.94,78.63
28.0,86.7,79.08,56.3,61.47,76.84
21.2,70.55,84.54,59.46,73.57,78.84
7.6,67.76,81.88,64.47,89.51,77.78
15.1,70.36,61.87,94.51,57.8,68.05
23.2,70.46,55.4,58.65,59.97,60.19
24.5,77.21,56.75,96.14,61.08,71.34
8.0,77.17,80.76,76.14,83.83,81.01
5.0,74.86,93.87,85.78,67.29,81.2
22.8,56.74,71.41,55.51,61.64,67.62
13.9,74.8,54.34,63.45,83.45,62.72
11.4,58.46,88.82,97.93,93.95,86.06
5.3,56.31,91.54,63.31,70.41,77.32
18.5,96.63,98.38,64.83,82.8,88.98
26.3,80.25,84.3,59.88,58.5,80.62
28.9,82.97,100.0,56.45,100.0,86.58
19.1,70.09,46.65,61.66,70.54,57.22
17.9,95.45,51.8,82.12,100.0,69.1
7.1,81.9,47.68,72.77,100.0,63.28
18.7,88.46,88.37,77.69,93.6,86.66
14.5,68.43,48.52,56.12,54.37,58.18
20.2,98.0,75.84,90.11,82.58,81.3
14.7,91.02,72.77,89.2,59.69,78.2
11.0,92.7,61.94,51.08,97.82,64.95
7.4,58.61,94.44,69.18,93.63,84.57
12.9,63.55,54.1,53.44,100.0,59.48
7.4,64.28,63.37,89.61,85.8,72.9
9.4,63.55,89.27,86.86,81.32,84.12
29.7,92.77,50.74,95.1,81.66,70.78
16.1,51.59,85.21,61.82,73.03,76.53
18.3,53.8,94.47,72.81,77.8,86.24
26.8,63.7,100.0,59.22,85.32,88.9
29.9,59.99,100.0,68.56,100.0,90.04
19.6,61.59,65.04,76.11,84.36,69.58
25.3,89.9,82.77,52.67,96.02,79.66
13.2,78.16,48.6,85.74,98.28,66.73
12.6,50.29,59.25,77.16,80.57,69.84
15.1,71.47,50.18,91.45,72.86,65.33
21.8,70.39,65.45,63.59,85.8,71.93
22.1,55.7,99.14,95.17,78.0,89.67
12.9,83.81,64.7,99.93,60.07,76.69
8.3,85.1,76.2,95.96,74.65,80.27
20.8,86.04,72.24,88.89,100.0,80.45
8.2,86.42,69.99,90.62,57.87,72.73
19.5,50.0,100.0,78.69,89.55,88.45
22.3,97.7,64.46,59.51,95.63,69.5
22.5,90.71,84.39,83.85,87.47,88.78
23.8,95.2,72.34,85.64,83.63,77.28
26.8,50.78,51.71,99.27,91.34,68.29
17.5,96.69,74.61,77.07,76.09,75.56
23.3,90.49,95.79,63.57,58.38,82.18
20.5,91.86,52.08,84.18,100.0,69.1
9.7,54.66,47.09,98.97,77.56,65.46
5.6,86.94,50.9,58.86,86.8,58.28
12.1,98.0,89.49,66.3,80.55,79.79
16.1,83.93,88.27,77.09,57.36,81.93
20.4,78.53,80.02,58.51,100.0,78.36
26.2,97.28,75.95,51.11,92.7,77.76
9.9,72.15,96.27,66.85,61.46,81.72
8.1,79.96,88.43,93.27,100.0,87.11
29.1,73.82,97.45,52.17,89.98,86.49
7.7,96.64,91.11,71.45,77.91,83.29
17.0,53.8,83.66,88.11,85.86,82.22
19.6,75.06,73.36,97.66,61.2,76.97
18.5,84.35,97.43,99.27,83.98,90.35
7.2,89.6,97.72,71.1,57.95,83.01
6.4,79.15,43.35,97.52,83.09,63.56
7.6,95.45,45.37,51.77,80.74,56.75
19.6,97.1,100.0,87.3,98.96,94.33
18.6,53.22,62.21,82.14,91.18,73.6
10.8,70.12,95.64,62.48,66.23,81.91
20.9,51.17,69.6,75.37,98.94,72.45
25.5,66.47,54.8,56.48,82.05,59.97
6.0,76.84,46.63,93.58,85.93,65.63
17.5,95.54,54.64,67.89,62.52,62.26
22.2,92.33,61.65,81.3,97.77,71.43
11.3,56.37,72.7,57.94,100.0,67.73
12.7,54.65,85.9,60.31,92.37,78.06
20.3,79.46,100.0,99.6,100.0,97.81
27.4,76.61,74.71,87.65,70.37,77.88
25.2,63.32,78.65,98.1,98.95,83.44
19.6,94.97,77.19,64.79,78.33,75.39
23.3,96.37,79.36,58.23,61.69,77.55
14.1,70.13,75.29,75.15,87.95,73.82
21.0,94.52,46.83,74.73,88.69,62.25
16.7,69.2,45.11,58.75,67.88,57.69
9.7,86.84,48.77,86.66,56.57,62.01
22.5,73.8,52.84,68.09,64.08,62.46
18.9,56.13,87.96,59.32,73.55,77.62
14.0,96.4,56.49,66.6,62.38,63.18
27.8,72.7,100.0,78.18,64.39,89.12
5.5,86.72,97.37,86.32,74.75,86.58
12.9,68.36,100.0,74.09,100.0,88.39
6.4,50.94,98.26,76.28,92.79,88.74
24.2,55.03,63.57,56.95,69.41,65.66
22.6,74.81,77.37,95.73,100.0,85.01
13.3,84.5,54.52,96.44,88.07,70.2
21.9,66.74,94.94,84.17,77.82,89.57
14.9,84.77,97.78,50.88,76.47,82.82
23.9,84.93,98.25,76.85,75.15,89.04
16.4,85.2,70.92,81.46,66.54,72.53
15.3,74.63,90.11,99.73,75.31,85.46
28.4,95.74,54.37,99.8,82.38,70.84
11.3,74.46,45.8,92.88,81.97,62.47
8.0,72.51,87.59,53.19,91.28,75.19
19.6,59.97,71.4,97.66,73.8,75.08
29.2,65.38,100.0,80.63,90.68,95.28
14.4,52.12,50.16,90.04,84.3,65.18
6.6,81.68,93.32,70.36,100.0,84.78
13.5,62.43,72.85,65.98,73.22,75.6
17.6,65.21,94.91,73.16,99.45,85.05
9.0,88.54,91.73,57.34,94.47,84.21
21.5,66.36,100.0,67.85,85.95,88.89
29.9,62.11,66.84,92.88,88.3,79.18
16.3,58.45,100.0,51.9,57.34,81.95
13.9,88.74,53.27,57.54,100.0,59.83
15.0,56.49,49.42,56.26,58.73,55.62
7.9,72.69,68.27,70.15,82.37,70.8
27.1,75.35,97.83,99.85,72.49,89.89
15.4,84.37,73.03,58.67,75.01,75.13
14.7,81.66,94.17,57.27,83.95,83.81
21.5,90.54,90.23,95.75,100.0,93.03
16.1,52.24,57.4,94.1,78.53,66.91
21.2,64.82,100.0,51.61,100.0,88.65
6.5,64.01,45.6,87.59,84.9,63.12
25.3,57.3,100.0,82.77,63.0,90.25
28.5,64.46,66.82,88.39,64.8,74.17
21.2,65.49,76.37,74.73,90.29,76.51
28.9,76.09,74.01,99.57,58.49,79.66
8.8,83.19,52.95,52.19,77.15,57.63
16.9,69.06,66.56,61.72,61.11,67.82
20.0,85.97,57.58,69.83,75.85,64.75
19.5,66.81,58.08,72.49,91.85,68.98
15.0,64.51,55.72,96.07,78.7,67.35
13.5,77.06,73.39,78.0,62.85,72.98
8.2,51.19,90.34,52.26,65.74,77.02
14.8,53.99,78.58,70.39,72.6,73.74
9.1,70.9,96.32,70.82,57.73,83.98
23.4,97.15,85.21,98.27,85.12,89.63
10.2,86.08,84.42,79.96,85.18,81.43
6.5,54.41,82.01,81.78,58.02,78.29
18.8,92.32,72.61,85.66,75.26,77.55
19.9,86.62,87.33,88.5,76.01,87.89
26.8,80.55,52.22,81.75,71.6,69.6
19.4,91.01,97.41,61.86,81.6,86.34
13.6,70.21,90.75,93.7,72.92,87.75
25.1,61.08,62.24,86.61,76.02,70.69
18.5,75.6,91.63,87.09,95.11,87.26
7.0,77.44,42.86,99.83,64.1,60.04
19.1,76.92,58.76,90.13,86.37,68.91
27.7,78.25,52.22,91.46,80.77,67.39
14.9,97.44,91.28,97.57,71.1,89.87
12.4,95.11,89.07,57.56,89.83,80.41
8.6,93.79,91.4,74.89,82.05,85.74
8.8,90.07,42.91,79.03,78.61,59.39
15.8,97.17,74.81,66.46,87.37,79.34
19.9,54.92,88.26,91.97,95.63,88.71
7.0,63.26,51.42,88.12,100.0,68.03
28.5,74.75,87.54,86.04,86.63,88.32
23.9,92.33,52.22,99.86,99.71,73.31
19.7,75.26,56.79,62.97,53.83,63.92
25.7,87.4,76.26,86.77,81.72,82.47
7.0,56.95,81.31,77.57,65.38,76.31
16.9,62.62,53.82,65.65,58.65,60.55
20.8,86.59,57.35,58.03,80.08,65.57
25.7,58.24,59.98,94.79,93.03,72.78
24.6,67.57,61.7,79.77,75.4,69.07
11.9,63.24,57.16,91.25,88.98,71.94
28.5,67.49,72.26,77.27,79.13,80.1
8.1,85.42,81.66,61.0,75.51,73.67
26.9,68.39,74.35,66.88,68.52,73.12
29.3,77.76,95.35,69.08,73.27,89.45
9.4,55.0,85.98,98.65,73.41,84.64
23.1,90.25,54.52,50.28,85.33,63.94
6.0,68.49,44.73,99.28,61.76,62.17
15.1,82.43,97.21,99.02,60.57,90.03
17.9,86.27,50.16,99.81,88.99,69.81
19.5,60.48,54.75,73.83,81.74,65.52
28.4,94.23,49.85,98.19,77.4,68.01
21.8,80.81,84.24,69.78,61.81,79.74
17.0,71.44,80.04,51.31,73.63,75.71
25.2,59.12,100.0,61.22,93.16,88.29
28.8,97.12,100.0,97.26,100.0,99.09
5.6,87.75,66.33,50.69,88.17,66.65
29.6,60.4,71.18,77.3,57.64,73.11
7.2,66.89,59.97,53.78,86.75,63.96
25.4,90.48,56.76,64.32,65.91,63.63
12.0,84.78,51.89,54.4,69.02,60.68
8.3,88.29,50.43,92.98,65.37,65.12
16.0,72.06,51.65,79.55,93.56,63.91
21.1,85.82,60.76,95.11,88.14,77.56
14.5,69.32,62.75,84.42,85.66,71.61
6.4,60.56,99.61,98.55,89.31,90.97
20.0,81.63,80.71,75.49,66.37,80.64
27.6,98.8,100.0,81.94,77.15,94.21
14.6,65.53,66.73,78.82,86.39,68.97
10.4,73.05,70.58,74.21,86.28,72.06
16.1,83.7,64.3,92.3,95.13,76.06
6.2,77.08,52.83,82.23,69.29,58.72
25.5,92.17,56.24,90.07,93.92,72.8
25.7,88.09,100.0,89.32,77.37,94.24
19.7,52.91,100.0,59.55,87.08,84.53
13.8,99.92,46.83,82.51,77.74,63.28
25.0,87.62,56.52,59.98,100.0,67.4
18.9,93.2,71.08,79.17,63.72,71.94
25.6,82.56,58.86,83.87,88.78,73.63
20.8,92.81,68.07,99.86,84.82,80.66
24.6,55.62,55.13,51.53,61.73,58.96
20.0,67.39,73.39,54.56,56.57,68.62
15.4,93.82,60.92,53.85,93.19,67.81
28.9,60.08,69.78,69.92,62.07,71.44
18.5,53.91,51.21,91.08,64.79,60.61
20.1,89.41,71.72,92.2,100.0,81.83
10.5,91.77,100.0,86.85,91.07,90.98
20.6,58.13,65.91,94.84,68.21,72.96
19.3,92.72,98.38,66.14,83.52,91.12
9.6,84.34,93.47,54.41,79.97,80.87
6.5,76.0,99.07,52.91,95.39,84.59
20.1,91.51,93.44,92.61,92.03,92.79
24.1,70.96,86.81,86.52,96.78,88.38
18.1,59.7,96.83,84.93,65.68,85.94
10.7,64.24,47.75,66.98,86.03,59.0
21.7,75.26,74.28,69.0,56.15,72.89
7.0,76.57,100.0,97.91,59.32,90.5
16.0,90.28,90.98,53.19,88.87,82.4
9.1,89.57,100.0,88.69,56.54,93.67
9.6,79.07,89.66,65.48,82.92,79.11
10.1,89.04,95.52,51.95,95.14,85.48
14.7,59.59,86.8,87.13,74.23,85.26
6.3,52.5,87.52,66.55,56.23,76.75
14.9,93.68,75.86,86.11,90.86,79.07
17.8,53.78,100.0,85.38,100.0,95.9
17.1,62.33,94.63,76.74,90.46,83.4
14.6,84.77,95.01,88.87,84.25,88.62
26.0,70.47,88.18,79.05,66.24,85.97
8.6,93.82,60.85,64.33,54.63,62.46
17.6,64.9,47.42,86.71,89.93,67.34
6.6,50.59,98.12,79.46,66.32,82.19
6.8,65.03,77.21,50.64,95.95,70.05
19.3,78.9,63.68,95.08,79.02,73.37
19.2,68.8,54.71,77.28,81.17,66.72
27.0,76.74,97.87,93.43,93.31,94.63
18.9,93.83,95.86,94.14,94.62,92.68
29.0,95.62,97.57,72.25,86.46,93.88
6.2,63.3,80.56,75.38,100.0,81.75
7.5,73.11,64.21,70.79,100.0,69.18
6.1,77.46,60.07,72.47,100.0,64.82
9.6,97.46,43.39,94.76,96.9,60.49
18.5,99.93,95.57,89.41,90.64,92.74
21.1,61.77,51.58,56.33,86.55,62.07
6.1,86.35,79.68,80.52,60.02,76.26
28.6,68.9,78.82,99.8,69.56,83.37
26.1,50.41,79.43,79.78,55.07,75.71
12.4,50.46,99.32,89.29,62.23,89.31
6.9,73.03,43.97,88.45,77.27,63.15
9.2,74.42,89.16,67.52,61.38,74.73
8.2,51.13,45.58,68.59,99.2,58.54
8.1,84.35,44.72,86.2,95.45,60.8
18.0,64.7,71.19,75.0,58.08,68.67
11.1,77.99,47.11,78.53,67.16,57.52
14.0,65.05,91.55,85.65,96.09,88.46
29.7,58.36,80.68,88.88,95.48,85.66
22.1,70.36,48.37,63.58,100.0,65.22
28.7,61.61,51.04,57.34,100.0,63.49
8.6,76.74,79.34,64.59,100.0,73.9
14.6,59.94,92.75,75.38,75.03,83.61
18.9,75.42,71.94,67.11,66.55,69.26
6.9,57.87,75.34,78.42,92.63,73.57
5.1,83.55,89.52,52.67,68.12,77.7
21.8,87.7,83.17,75.49,94.85,83.86
21.0,55.52,59.79,68.4,80.8,67.74
15.3,73.39,81.37,76.73,94.3,80.32
17.2,53.54,82.86,71.13,68.06,78.86
15.4,79.91,88.67,64.21,79.25,80.4
5.6,63.22,78.93,95.21,83.91,82.13
13.4,76.38,100.0,59.24,100.0,88.63
9.4,75.87,54.66,84.07,68.37,64.09
7.5,96.22,99.32,96.23,100.0,94.96
28.9,77.45,80.97,76.93,94.86,83.34
20.0,79.15,86.32,93.82,92.17,90.72
23.2,70.08,52.93,56.24,92.71,63.37
12.9,97.45,66.7,74.69,84.75,72.36
14.8,88.86,90.6,72.85,66.57,82.34
10.9,64.27,85.68,50.41,62.49,75.27
7.4,92.21,44.63,72.16,97.65,61.64
9.5,71.62,75.65,68.45,90.37,74.35
24.9,91.43,52.77,83.49,65.67,64.22
21.9,91.14,100.0,96.92,86.57,94.19
18.7,59.44,99.45,54.29,75.64,83.98
16.9,85.06,46.33,66.37,61.91,60.13
28.1,64.53,99.95,72.2,80.92,89.95
6.8,64.87,97.21,72.76,68.45,83.0
12.0,64.82,64.81,88.74,60.13,66.59
13.7,86.28,87.28,72.17,77.68,84.6
24.6,61.49,73.91,51.36,82.59,73.03
29.8,50.05,88.25,85.51,57.48,85.39
11.0,85.76,63.72,94.24,75.75,74.55
26.9,58.56,67.42,75.7,67.42,71.52
25.8,55.22,73.21,79.06,56.27,74.2
10.6,61.88,51.91,58.15,59.77,59.5
15.0,69.0,94.37,61.03,60.61,81.41
15.2,73.8,65.48,61.76,62.85,67.38
29.5,52.23,72.86,71.54,94.46,78.62
9.5,98.53,96.49,96.41,77.75,92.36
25.0,85.8,77.3,76.09,61.92,77.19
13.4,66.16,76.68,59.6,58.59,70.69
23.3,65.93,100.0,63.3,68.7,88.12
15.5,72.43,97.85,69.2,94.05,89.76
19.5,81.31,56.02,81.16,73.09,69.29
25.8,57.32,76.13,72.0,62.31,76.01
25.1,59.45,100.0,69.62,74.39,89.64
26.7,92.97,70.35,78.24,82.46,76.09
6.5,62.81,64.24,62.09,55.21,61.82
22.3,69.01,58.39,53.95,84.62,65.78
8.5,93.56,49.41,51.22,72.83,55.37
15.4,83.16,89.04,62.56,54.24,78.48
18.7,67.09,91.81,54.58,86.96,84.41
15.1,84.18,100.0,66.82,89.63,91.24
18.0,50.98,91.81,88.65,86.76,88.12
29.9,86.78,63.57,85.81,72.25,73.39
8.4,74.35,44.93,80.55,81.31,59.52
21.9,90.66,100.0,92.63,74.92,95.41
14.9,97.73,64.9,64.1,88.88,70.1
8.3,96.29,61.21,94.25,84.84,71.33
9.0,95.46,97.06,69.96,58.29,86.36
28.7,75.61,83.72,70.04,86.35,82.83
27.0,68.01,60.99,70.27,88.58,68.95
27.7,73.25,100.0,54.9,71.83,87.35
29.8,84.49,100.0,98.77,99.72,99.66
10.2,94.2,48.26,56.93,95.57,57.79
13.9,60.35,95.91,67.04,62.78,82.35
21.7,95.91,69.94,65.97,99.17,74.94
17.1,90.76,76.57,53.73,75.26,73.87
15.5,98.94,99.54,57.61,89.65,88.82
13.9,94.01,100.0,52.24,93.83,85.79
19.8,64.0,61.67,64.62,79.14,64.11
19.4,55.3,58.59,93.33,75.56,71.88
9.0,55.61,47.53,66.97,99.79,57.71
16.8,64.56,78.75,56.18,64.91,72.89
18.8,80.71,46.46,82.28,67.79,61.26
19.3,90.22,70.5,99.83,74.07,79.17
10.3,94.96,47.49,61.62,96.67,63.41
23.6,81.19,71.39,63.98,100.0,81.25
5.6,50.28,44.08,98.59,66.92,56.67
13.9,59.32,94.28,58.94,96.73,85.72
24.5,54.99,59.93,75.56,67.44,66.95
19.1,68.17,65.43,61.98,100.0,72.64
11.5,75.07,95.65,96.62,85.67,92.72
22.4,52.17,91.5,99.08,56.29,89.57
19.2,67.42,58.9,90.73,57.15,68.67
24.9,58.96,51.78,65.74,61.31,58.93
23.4,82.35,89.96,70.17,63.59,84.54
20.3,73.21,69.53,62.12,92.11,72.7
17.2,74.77,91.12,94.54,66.81,86.63
8.3,71.38,69.21,95.73,100.0,76.59
11.5,97.8,64.21,70.94,86.07,72.11
15.5,60.74,71.72,82.83,89.6,79.0
20.0,75.83,90.91,58.28,64.39,78.02
17.8,86.8,99.47,71.75,98.94,92.35
12.2,77.84,46.65,81.57,88.28,61.71
5.2,96.45,73.01,69.27,97.38,71.94
17.4,68.9,47.19,67.88,100.0,62.1
12.1,73.18,71.73,50.05,59.28,64.87
23.4,54.43,100.0,90.21,60.24,87.52
5.6,80.45,63.38,94.47,95.84,72.15
19.6,64.41,100.0,98.47,99.22,94.07
28.5,58.02,86.39,85.96,84.35,84.77
9.4,77.23,98.87,77.44,72.95,84.87
16.8,76.62,90.47,63.46,86.44,82.12
7.3,53.79,48.4,99.96,71.28,61.87
20.6,84.91,60.05,79.49,66.69,69.29
18.8,81.19,69.29,84.06,79.45,76.41
15.2,59.45,54.77,84.12,65.86,65.05
18.0,73.47,75.09,92.26,79.73,79.09
27.4,86.02,76.5,50.48,100.0,76.07
9.9,76.47,100.0,61.01,95.65,85.7
5.6,69.77,67.7,83.28,100.0,72.23
26.5,66.12,95.09,94.76,96.01,94.88
19.4,80.52,100.0,84.27,72.8,87.81
27.3,96.96,100.0,70.67,94.84,92.73
19.9,83.59,58.49,68.08,100.0,68.34
25.3,53.74,77.35,86.9,100.0,83.4
15.7,73.03,65.57,87.06,89.38,71.41
23.7,94.54,71.1,80.35,65.39,75.48
27.8,54.72,69.99,64.57,55.86,70.46
19.3,99.44,95.37,96.26,63.14,87.13
9.5,97.45,69.98,77.59,100.0,73.72
11.7,53.91,74.93,89.52,78.47,76.7
10.0,96.67,100.0,60.72,96.39,89.13
11.2,68.16,46.96,67.2,77.28,58.4
12.7,92.24,73.09,93.73,88.66,80.64
18.9,70.92,92.11,52.51,54.36,76.3
19.7,72.04,54.98,75.62,67.03,61.51
15.7,81.71,81.4,74.09,76.26,79.16
20.4,88.72,60.49,87.56,86.78,70.35
7.0,51.69,94.14,64.09,62.43,78.02
7.2,79.66,61.79,60.95,91.89,67.88
9.3,59.34,62.53,96.31,74.0,71.26
18.0,67.3,81.29,78.59,95.59,80.58
10.3,67.4,54.1,55.23,58.21,56.04
12.1,73.45,60.72,59.65,87.57,66.59
15.0,66.71,69.5,99.94,70.67,76.65
25.3,55.37,68.81,59.78,93.36,69.6
5.3,57.28,73.08,80.52,74.94,69.19
21.2,51.67,82.34,71.01,87.53,83.28
21.7,73.51,80.51,94.28,100.0,83.33
25.0,97.72,86.75,87.76,56.3,85.61
28.3,55.78,66.95,79.85,55.35,74.03
5.5,97.31,49.24,50.54,91.54,58.14
8.8,86.67,88.29,93.99,87.96,85.66
27.2,81.87,99.21,72.23,68.98,86.68
16.5,82.26,60.37,96.58,80.51,70.02
19.1,91.34,70.16,74.78,56.59,72.73
21.6,55.35,76.39,84.71,64.7,79.72
22.0,75.24,78.6,53.46,74.43,73.41
28.3,84.85,88.06,87.26,96.94,88.54
29.9,79.34,51.47,66.9,77.99,65.45
23.0,91.64,90.19,67.57,83.37,83.58
12.2,53.61,47.38,55.93,97.05,58.29
27.0,84.54,76.2,57.34,68.88,74.35
6.2,76.7,91.52,59.29,88.59,80.27
10.8,68.96,70.31,66.41,97.06,72.41
27.4,67.01,57.17,94.6,65.81,73.56
11.4,81.04,100.0,68.41,71.92,87.74
10.5,94.55,96.51,86.22,100.0,93.63
8.5,74.81,88.83,54.14,100.0,78.42
26.5,91.24,72.64,79.55,65.93,78.57
17.5,70.11,56.28,74.09,57.77,64.62
21.9,55.12,100.0,98.9,69.48,90.09
11.0,53.08,75.24,92.31,75.43,78.11
24.0,52.57,98.34,72.74,76.41,87.01
24.0,69.01,67.73,88.76,86.27,73.58
12.8,66.86,63.96,59.65,98.56,68.41
15.3,85.9,100.0,78.12,71.21,90.28
10.2,87.14,74.37,53.73,95.72,72.99
29.4,52.54,57.26,67.4,58.71,63.85
21.1,61.06,59.51,61.29,55.77,62.09
28.4,63.71,77.44,85.95,80.36,85.61
12.6,77.38,46.33,74.5,57.45,55.43
24.5,57.23,75.1,87.55,74.87,80.16
24.1,56.7,72.37,75.76,99.39,77.36
22.3,97.19,93.45,54.32,65.33,80.66
29.1,90.21,70.03,86.77,90.51,79.45
14.8,59.03,100.0,91.66,70.62,87.97
8.3,70.33,53.34,95.18,57.96,63.26
21.8,67.78,82.0,78.6,82.55,81.22
23.2,89.55,52.34,87.68,97.0,67.03
19.4,75.51,89.85,87.6,75.73,87.36
10.2,56.39,100.0,57.79,84.33,82.83
17.6,86.95,94.43,58.21,98.49,83.11
12.8,69.84,77.18,53.54,92.69,71.53
15.7,63.15,73.79,66.0,63.65,75.31
21.1,68.77,96.43,73.68,91.09,85.2
23.6,74.89,100.0,99.89,81.08,96.27
10.8,67.16,100.0,71.55,91.59,87.21
15.1,62.1,68.32,86.31,79.91,73.16
11.7,69.93,100.0,84.67,61.48,89.32
10.0,50.96,52.36,60.22,82.11,60.21
24.6,88.62,62.59,52.93,77.79,65.6
27.7,58.55,53.65,77.3,80.54,63.79
14.3,52.2,60.59,85.02,99.05,72.09
23.8,82.68,93.22,99.91,100.0,95.26
27.4,88.7,99.4,67.93,76.76,89.24
26.2,90.69,94.59,94.82,78.48,93.26
9.6,74.68,80.74,69.1,79.91,75.9
28.9,60.27,79.51,84.47,81.05,80.29
14.4,86.86,86.84,79.91,100.0,85.56
13.5,84.99,67.5,52.65,85.63,69.19
6.6,62.31,92.46,53.92,67.11,78.24
17.2,95.17,85.79,51.04,79.64,79.05
7.7,55.22,84.18,68.54,85.47,76.48
11.2,99.13,75.52,87.29,87.23,82.5
12.9,93.01,96.98,58.64,82.78,84.41
25.2,84.39,62.68,80.29,63.71,70.37
26.9,96.94,70.94,64.44,55.55,69.45
12.6,86.12,90.44,89.85,72.28,85.72
26.5,59.52,77.51,89.92,76.78,81.91
26.4,72.11,100.0,88.77,58.42,92.68
24.1,53.58,68.01,76.24,95.32,77.45
8.7,69.48,64.77,64.23,71.05,66.93
22.3,87.08,100.0,90.47,100.0,96.48
28.6,69.32,76.44,59.31,61.28,72.75
22.1,66.51,77.6,64.49,56.72,72.25
13.3,79.77,63.96,59.2,77.67,68.3
17.5,93.61,61.85,83.71,64.48,71.75
21.1,52.38,85.69,84.31,100.0,83.44
17.8,69.27,52.53,82.63,55.48,64.19
8.0,57.91,95.16,70.78,74.88,84.44
12.8,84.77,90.59,55.01,99.64,80.29
25.1,55.29,58.97,95.56,74.95,72.5
26.5,83.24,89.59,75.39,59.18,81.74
8.4,64.31,78.68,70.35,69.36,69.56
28.8,59.95,59.71,79.44,79.67,69.82
13.2,96.82,60.35,59.64,62.84,64.25
21.6,50.93,71.02,56.63,76.73,69.63
23.8,71.89,89.09,70.28,96.04,90.8
25.3,51.08,85.91,61.36,97.31,82.25
28.6,74.18,80.51,62.21,56.19,76.25
12.8,75.05,89.94,94.63,63.73,86.19
26.5,66.08,93.43,76.54,68.35,85.4
8.3,56.61,79.56,74.17,84.19,78.28
22.6,68.82,94.0,84.47,73.12,88.68
23.5,83.61,67.11,97.58,98.05,80.21
21.9,89.12,99.44,55.61,89.17,86.66
11.3,76.54,80.28,91.68,60.52,76.21
26.8,79.49,97.38,79.2,85.98,90.41
9.2,60.03,75.54,57.31,59.09,69.31
6.3,64.37,55.0,64.86,66.64,58.93
22.9,58.09,79.41,74.12,63.34,77.33
16.9,62.46,67.34,84.56,63.72,71.12
26.2,61.24,89.71,62.13,84.55,83.74
14.6,75.97,72.93,76.74,82.78,73.42
9.2,78.13,92.93,84.23,63.85,84.87
25.9,97.25,88.45,72.44,100.0,86.19
18.7,59.78,86.68,93.15,76.68,82.23
9.7,82.08,55.94,93.47,60.46,66.13
23.0,90.86,100.0,73.53,60.44,91.64
17.8,78.01,95.84,98.65,85.11,89.84
20.1,62.75,93.37,53.78,100.0,84.18
16.5,63.13,64.76,50.17,81.61,66.93
25.7,51.96,79.85,69.03,100.0,84.47
25.7,65.27,55.94,80.05,77.01,66.72
22.7,87.23,79.12,81.46,76.68,79.49
7.6,52.38,51.03,73.82,79.43,58.26
26.0,60.96,80.98,56.24,88.24,79.63
21.8,85.31,85.46,58.52,71.89,77.28
22.4,89.13,70.13,92.61,98.75,79.71
14.1,72.77,74.14,93.4,57.06,72.68
27.0,84.9,100.0,83.69,77.01,94.57
23.1,69.4,53.44,83.21,80.54,69.19
7.8,58.0,89.84,79.88,85.14,84.78
15.2,69.91,54.81,60.15,67.41,57.6
27.2,79.0,50.36,71.41,75.65,64.83
6.2,97.4,52.99,84.79,79.32,62.14
29.0,53.44,94.6,76.86,88.96,89.1
22.0,75.37,70.91,50.93,91.74,71.79
20.8,66.45,98.59,97.68,92.75,95.26
11.8,75.42,75.02,92.24,72.61,78.75
11.2,51.2,44.7,63.03,100.0,57.73
28.6,65.65,91.58,80.82,97.28,85.82
12.5,90.99,50.36,96.16,68.77,66.72
24.4,77.7,94.68,54.8,63.05,82.47
14.8,72.53,54.53,75.15,70.21,61.98
8.5,64.28,63.28,72.81,76.99,64.25
5.3,64.9,87.27,70.51,96.77,84.01
18.6,69.16,100.0,91.78,94.43,96.52
29.4,91.78,71.11,69.03,96.7,78.8
14.2,98.36,94.02,53.18,66.79,79.9
13.9,71.93,55.62,53.29,82.87,56.52
13.6,69.67,92.51,52.14,67.29,80.31
18.0,92.33,84.85,70.46,59.68,79.9
16.0,71.35,56.36,85.92,89.37,68.22
27.0,77.6,66.25,60.19,60.76,70.44
17.6,61.55,53.19,82.32,88.32,67.86
17.7,87.18,68.29,84.35,87.46,76.07
8.5,76.6,54.77,62.76,94.28,63.15
29.6,90.45,87.52,80.03,61.78,84.7
11.2,89.04,100.0,84.24,94.22,93.61
6.8,60.75,42.76,73.33,100.0,56.75
21.6,85.78,78.94,66.84,96.56,80.44
19.9,90.0,80.39,80.96,92.45,80.86
15.4,67.31,99.47,98.89,89.04,96.6
15.6,58.63,75.04,71.34,75.37,74.97
24.6,50.13,80.0,69.59,90.71,77.81
9.9,72.55,71.27,73.21,90.6,73.72
25.5,67.62,63.78,53.81,84.8,66.09
21.2,77.75,49.72,77.66,94.47,68.3
15.5,59.4,69.17,66.43,76.43,73.06
16.5,92.98,48.11,56.07,59.42,57.89
11.4,62.89,76.45,73.31,82.35,78.23
23.8,61.32,65.58,50.17,66.26,65.69
17.8,74.04,77.36,70.09,73.43,77.23
13.0,74.94,51.96,55.29,54.19,58.86
19.9,60.75,100.0,51.21,72.21,83.91
29.9,63.59,100.0,91.22,95.91,96.1
15.9,58.49,56.17,95.81,82.89,71.2
28.0,85.92,69.01,60.38,54.11,70.87
13.6,88.5,80.89,76.96,78.11,77.99
6.4,73.12,47.66,63.9,68.4,52.15
10.1,85.7,64.3,74.68,78.36,69.1
15.5,86.8,59.72,71.83,74.54,63.08
10.5,56.91,98.08,63.45,100.0,84.59
5.0,98.31,92.65,85.02,57.16,82.31
27.9,91.05,83.16,56.32,87.56,79.15
26.1,60.22,79.05,52.65,95.71,78.09
23.6,59.31,100.0,88.38,100.0,96.54
9.2,56.28,98.71,83.3,63.88,87.44
8.0,56.92,100.0,74.93,81.07,88.41
6.7,87.41,49.53,73.39,56.58,59.69
23.1,73.48,56.56,74.87,79.45,62.48
28.2,89.15,89.06,71.85,60.58,83.45
15.8,87.31,77.23,69.64,96.07,74.93
8.0,80.23,43.51,74.98,60.19,56.8
17.8,84.32,49.06,76.43,80.25,59.17
13.7,50.92,97.39,84.6,81.13,88.08
14.4,65.59,96.45,85.56,100.0,91.88
20.5,81.89,67.59,68.88,86.88,70.5
23.0,50.47,100.0,70.68,68.63,89.16
7.8,51.65,77.96,68.68,66.16,73.36
5.9,92.59,90.12,76.83,61.02,82.05
29.9,84.2,74.62,72.67,92.19,80.64
10.8,63.27,50.04,94.48,90.21,65.37
6.3,84.4,67.91,84.82,85.58,73.65
9.7,89.62,70.35,94.93,57.74,74.46
6.0,65.34,74.86,85.46,93.27,77.13
14.8,51.8,50.77,98.55,88.0,65.92
25.1,96.64,100.0,81.79,100.0,92.86
13.5,67.26,58.7,98.18,85.25,70.85
16.1,55.32,56.74,57.91,68.67,60.13
21.9,74.59,78.18,52.62,72.24,72.1
17.7,88.42,77.54,78.96,63.53,78.73
26.5,61.08,74.34,99.17,92.1,80.51
26.7,63.47,94.32,70.88,89.64,87.48
5.2,62.14,72.56,60.6,63.67,69.89
24.5,99.58,83.93,76.08,62.48,83.22
16.5,59.87,88.37,82.44,58.8,83.93
29.7,78.78,50.41,65.76,99.55,64.51
17.1,96.26,79.37,85.74,66.79,81.47
29.7,57.34,100.0,98.76,73.14,92.7
23.9,98.54,48.21,94.85,69.72,66.18
11.2,97.37,67.67,64.58,74.55,69.22
18.5,94.23,100.0,66.34,89.68,88.81
29.8,60.73,70.13,68.58,97.64,75.04
26.4,81.7,75.44,69.73,63.31,74.5
7.4,88.04,100.0,55.02,87.62,83.49
22.7,99.3,58.77,88.1,72.92,72.8
13.6,59.02,48.0,68.27,100.0,60.92
5.2,88.3,93.13,93.99,70.59,87.34
15.1,66.94,96.64,96.35,56.14,88.83
10.9,58.78,71.59,51.22,78.85,67.95
25.5,71.07,78.5,99.43,63.51,82.35
13.4,89.69,94.17,85.5,57.35,85.36
25.7,73.24,92.02,76.02,89.47,90.44
5.0,76.88,57.41,69.48,90.78,66.25
12.7,99.76,44.82,75.93,77.59,60.26
11.0,69.96,72.08,66.23,87.81,71.61
10.8,80.77,94.77,81.13,81.78,86.98
6.7,68.26,95.76,54.65,84.77,82.5
9.7,69.64,100.0,81.06,84.7,92.43
18.9,84.78,98.44,63.77,87.12,85.38
12.3,96.89,78.49,50.88,63.03,72.87
15.4,77.12,71.3,77.64,68.1,75.28
14.4,88.42,90.81,78.92,76.74,82.29
26.9,54.46,92.46,71.33,76.59,84.82
27.6,60.56,80.57,53.61,91.94,75.43
17.3,75.11,50.43,94.67,74.05,66.98
13.3,51.0,99.55,80.57,62.96,86.12
7.7,62.64,69.65,55.79,65.92,65.68
28.8,75.87,70.44,75.55,65.27,73.48
6.5,50.75,79.72,74.86,91.07,78.28
12.4,63.23,84.15,53.02,76.7,75.54
12.5,75.7,56.39,80.34,90.25,67.97
13.0,78.66,94.12,90.42,76.24,88.63
9.1,96.29,60.13,87.45,99.74,73.28
24.6,82.27,58.58,60.15,100.0,67.73
8.1,70.74,66.81,93.11,89.08,77.64
20.9,96.52,90.1,67.13,97.22,83.76
8.1,89.24,100.0,97.33,81.24,89.72
6.8,60.0,90.6,53.59,99.95,76.67
27.7,56.54,100.0,74.31,96.04,88.17
9.8,83.79,51.38,79.86,100.0,66.96
25.5,77.99,51.92,62.38,84.89,64.48
18.6,89.48,79.04,88.57,94.27,85.53
6.9,86.94,59.49,81.34,82.02,66.06
28.9,81.26,98.35,50.91,66.01,86.12
11.2,99.32,83.68,80.42,72.57,81.13
26.5,76.68,100.0,74.57,99.17,93.4
9.2,55.66,58.05,59.8,56.39,60.62
26.3,91.41,77.04,99.79,85.56,83.41
5.3,62.59,71.66,94.86,74.31,79.82
17.8,88.87,59.69,64.63,73.21,68.42
24.2,97.86,82.67,77.05,98.85,83.8
28.4,84.84,75.12,65.83,96.64,76.5
27.7,79.8,75.11,88.77,85.27,81.23
25.5,73.02,69.41,96.52,69.44,77.82
27.2,68.22,49.18,67.94,77.85,64.17
10.0,67.65,74.33,90.28,75.83,74.53
12.1,81.82,63.74,74.92,72.18,69.22
12.2,87.56,43.74,69.83,59.33,53.07
14.4,83.93,62.8,96.92,82.98,74.86
14.8,59.92,61.16,75.52,69.62,66.48
18.6,74.7,69.19,73.37,87.44,77.35
9.0,89.58,50.61,83.62,70.98,60.14
22.3,73.79,77.15,63.06,75.34,77.86
9.2,76.83,84.31,66.24,56.59,72.44
12.8,88.56,81.65,96.6,100.0,83.31
17.6,83.06,93.51,83.93,80.42,85.05
24.9,70.47,74.59,91.33,56.69,78.15
23.5,94.77,78.2,63.56,80.87,75.46
21.1,58.13,94.95,77.19,98.15,86.56
8.9,99.78,68.33,98.57,94.54,78.67
18.7,55.94,87.71,65.94,89.01,82.42
7.2,50.75,68.24,58.02,60.45,64.5
14.4,94.5,69.38,75.54,87.42,74.07
15.3,62.25,90.2,69.39,92.47,87.04
6.0,86.48,52.29,57.98,82.1,59.81
11.8,90.55,63.86,94.43,100.0,77.3
28.9,92.95,62.12,99.54,69.82,75.91
28.8,99.58,70.19,78.43,66.82,73.79
13.8,64.7,57.96,88.73,98.8,71.68
6.1,85.51,76.59,92.95,86.85,78.48
9.5,55.77,90.74,85.05,55.17,81.5
14.8,70.34,91.64,52.21,70.79,79.61
28.7,92.4,70.48,57.88,96.36,71.25
8.5,68.38,100.0,53.55,54.58,77.86
24.1,79.55,82.86,50.49,53.19,75.82
7.7,75.19,66.27,65.3,67.98,65.47
29.5,82.3,98.98,69.62,99.88,91.27
14.5,98.64,88.14,62.05,98.79,83.52
24.4,52.79,92.28,53.23,79.13,80.63
13.6,78.7,55.85,76.49,82.25,66.76
20.7,93.15,74.31,63.67,70.42,73.84
9.8,74.07,94.65,89.8,67.58,87.2
8.7,53.93,72.85,50.4,93.78,68.06
28.5,78.03,89.56,92.13,60.84,87.56
27.9,66.6,83.65,97.74,80.23,88.67
27.2,57.75,98.7,85.81,86.87,91.5
20.6,92.45,63.25,86.68,60.38,73.04
25.2,76.08,82.09,96.68,81.78,85.58
6.7,96.66,49.4,60.45,82.51,60.44
13.4,90.3,85.43,99.73,93.1,88.09
12.8,84.65,87.76,88.67,67.06,83.78
20.9,50.25,48.84,86.33,69.85,63.49
13.9,71.39,84.72,68.05,82.56,81.8
8.7,59.87,67.49,77.29,100.0,73.04
19.9,95.54,53.42,82.7,65.83,66.81
25.4,58.73,72.81,81.02,100.0,78.27
14.6,64.3,56.03,85.25,90.84,71.16
8.3,75.84,67.42,54.12,94.55,69.33
9.9,63.17,66.03,67.78,58.55,66.06
10.9,60.49,87.57,71.7,69.32,79.14
12.5,79.95,90.2,63.03,56.67,80.68
21.1,54.45,82.75,58.63,72.1,74.93
20.0,52.91,47.36,56.95,100.0,56.25
22.4,68.61,100.0,68.32,59.36,86.73
14.1,86.03,85.4,74.67,82.6,84.05
25.6,77.74,49.73,53.15,53.49,60.14
10.1,71.14,92.16,97.32,91.47,89.22
16.7,78.29,57.03,88.26,65.16,67.64
25.0,68.27,82.25,86.54,61.67,82.27
9.5,96.81,70.85,58.64,70.37,68.86
7.7,52.75,67.5,80.19,93.36,72.94
27.1,83.67,100.0,76.49,59.92,89.51
13.6,94.56,70.32,99.12,67.44,79.03
22.1,90.19,51.15,87.38,55.66,66.01
5.6,59.2,98.48,78.79,100.0,90.38
22.3,64.8,100.0,92.54,85.16,93.44
12.9,85.85,84.94,57.75,89.46,82.45
6.4,54.21,69.99,50.76,85.62,67.57
20.2,90.59,51.63,84.51,62.29,65.23
11.0,85.95,90.74,54.92,83.05,78.98
14.7,86.48,48.94,55.77,59.92,56.26
7.0,55.01,46.22,87.23,75.29,60.23
8.7,85.89,74.85,63.53,82.26,71.63
12.4,83.99,53.33,81.43,82.83,65.12
7.2,91.55,42.62,95.87,61.7,59.59
27.8,52.08,73.73,65.82,55.67,72.02
5.2,51.16,49.79,60.86,93.56,55.04
17.1,68.65,54.76,55.33,89.62,62.03
8.1,57.44,47.04,56.52,57.48,52.24
12.7,77.92,56.12,53.11,59.56,58.98
28.2,95.87,91.39,54.38,97.89,87.52
9.0,69.57,91.24,71.6,92.76,87.7
29.1,92.25,75.88,66.04,100.0,81.04
10.1,50.01,73.42,85.33,67.82,71.38
23.5,58.43,49.01,93.51,80.0,65.53
18.7,51.52,49.77,89.24,67.17,64.39
27.1,66.41,63.58,76.53,85.73,73.16
18.8,95.41,78.27,55.12,59.08,74.81
18.4,54.85,89.89,85.49,61.49,83.28
9.9,80.32,79.27,68.14,57.68,73.01
9.2,72.57,66.29,54.28,87.94,70.15
27.9,96.92,55.47,92.12,80.23,71.89
13.2,56.13,90.81,66.91,84.9,80.14
14.3,60.6,66.12,60.91,97.62,72.21
24.0,51.48,91.36,93.57,92.63,87.14
13.5,71.7,74.83,95.11,78.8,72.47
28.8,63.89,92.96,66.95,100.0,89.24
23.4,93.5,100.0,67.74,76.87,91.29
19.9,80.25,100.0,78.98,60.36,89.6
27.0,80.7,80.21,86.67,100.0,82.77
6.2,76.6,72.55,53.16,54.33,65.96
11.4,54.59,59.36,79.67,82.27,66.54
16.6,72.25,100.0,97.64,71.31,91.67
10.7,99.98,70.69,63.1,78.97,74.02
23.6,91.76,54.74,95.44,83.67,69.49
28.0,94.67,74.36,97.51,67.85,82.09
15.6,91.16,52.3,63.46,81.65,64.62
13.6,55.15,74.23,87.71,93.06,78.8
29.0,61.37,82.38,61.94,67.05,79.92
16.1,50.16,65.1,86.88,74.38,72.33
17.2,65.18,49.46,89.87,68.8,64.54
13.8,55.43,100.0,62.36,94.77,87.89
27.7,73.64,94.71,85.79,91.4,92.82
19.2,83.86,96.09,90.61,99.0,92.41
24.1,93.73,69.24,67.93,62.58,69.38
25.3,87.46,93.24,58.39,57.18,83.93
13.5,96.93,73.17,54.6,59.25,71.49
15.8,52.69,56.81,78.77,62.78,64.58
26.2,50.61,55.33,98.9,82.58,69.97
14.1,83.07,64.93,91.15,100.0,72.89
24.8,64.47,55.69,71.79,72.17,65.38
28.5,62.68,100.0,76.83,100.0,90.84
20.6,66.54,49.13,63.98,55.75,55.05
23.5,63.49,73.52,58.15,99.83,74.76
25.1,75.57,74.66,74.1,63.51,73.96
26.1,72.01,65.87,73.18,100.0,75.08
14.9,75.62,78.75,76.1,57.38,75.26
6.3,83.64,50.89,97.64,100.0,67.12
15.0,69.36,91.53,80.19,64.85,80.53
21.8,62.57,66.49,80.29,69.96,70.19
16.3,58.31,80.37,56.4,77.93,72.81
23.7,67.47,90.05,99.82,75.03,86.9
13.9,87.09,97.51,88.64,88.7,91.03
20.9,87.84,96.42,93.86,100.0,92.35
9.7,83.35,79.41,70.72,84.56,76.91
23.7,61.7,70.41,75.11,90.58,75.82
18.6,79.4,75.77,76.1,58.97,73.39
10.1,78.53,89.15,59.7,84.97,81.0
12.3,74.21,96.34,84.47,77.76,85.68
23.7,77.5,53.34,95.15,100.0,69.71
17.1,74.59,68.22,58.19,72.9,68.27
10.4,78.27,89.69,54.32,87.23,81.03
29.2,85.78,74.66,86.91,66.62,80.93
22.9,55.48,66.8,63.66,66.79,71.31
28.9,87.48,73.35,81.19,73.68,77.59
15.7,56.79,80.88,84.79,70.29,78.84
16.9,53.33,100.0,66.1,66.66,83.43
27.4,98.8,77.8,90.76,57.93,78.71
18.1,97.85,57.94,77.5,96.49,70.82
22.7,53.02,56.58,93.45,58.83,66.13
11.3,72.16,45.93,88.16,99.66,66.41
16.2,59.31,78.39,93.43,61.88,75.97
8.1,74.27,75.1,51.01,56.32,68.37
10.1,91.51,55.34,62.18,81.88,60.98
5.0,97.53,83.22,54.5,78.39,73.75
6.0,81.71,86.27,72.1,78.89,80.85
29.4,67.7,64.37,94.5,84.4,75.18
11.1,80.17,63.98,73.38,68.75,66.95
21.6,65.6,100.0,92.49,88.7,92.59
26.0,95.49,70.26,66.36,79.1,77.55
18.8,93.52,91.29,66.98,70.76,82.2
8.8,77.91,69.8,94.78,97.02,77.75
23.2,66.24,94.56,71.29,90.67,87.26
20.0,64.67,92.14,89.49,75.05,87.98
23.3,51.67,87.06,61.83,96.09,80.65
24.2,90.79,98.55,97.44,100.0,96.64
29.4,72.52,100.0,78.73,81.56,93.07
19.3,66.26,80.59,87.97,66.03,78.48
13.5,73.56,58.3,54.48,99.06,66.65
21.2,90.94,70.28,74.63,63.95,75.4
6.7,56.23,87.51,95.05,58.12,82.86
27.4,92.88,87.27,93.85,72.0,88.08
8.0,94.88,53.07,52.34,89.49,54.77
13.2,97.34,47.03,65.18,100.0,62.51
25.4,69.87,88.6,72.17,86.19,83.95
19.9,60.86,61.03,58.61,100.0,67.05
